Time (s),Acceleration x (m/s^2),Acceleration y (m/s^2),Acceleration z (m/s^2),Absolute acceleration (m/s^2),Angle (deg)
0,0.1275177002,0.2136535645,10.14916992,10.1522194,1.20587930907321
0.003997803,0.1371002197,0.201675415,10.22099304,10.22390181,1.13028272679775
0.008026123,0.1538543701,0.2064666748,10.26887512,10.2721028,1.15170827091814
0.012054444,0.1634368896,0.2040710449,10.29521179,10.29853108,1.13542162665881
0.016082764,0.1730041504,0.201675415,10.29042053,10.2938505,1.12260125221808
0.020111084,0.1634368896,0.2040710449,10.2545166,10.25784906,1.1399252346211
0.024139405,0.1490631104,0.201675415,10.17790222,10.18099143,1.13504721338144
0.028167725,0.13230896,0.2136535645,10.05340576,10.05654617,1.21735319317677
0.032165528,0.09878540039,0.2208404541,9.892990112,9.895947778,1.27873314764564
0.036193848,0.07244873047,0.2351989746,9.739761353,9.742870141,1.38329030669411
0.040222168,0.05090332031,0.2399902344,9.612869263,9.615999268,1.43010154532254
0.044219971,0.01260375977,0.2423858643,9.497940063,9.501040744,1.46186026264083
0.048248291,-0.00895690918,0.2351989746,9.406967163,9.409911264,1.43224646497433
0.052276612,-0.01852416992,0.247177124,9.325561523,9.328855096,1.51828530305356
0.056274414,-0.0376739502,0.2567443848,9.260925293,9.264560124,1.58801421823837
0.060302735,-0.04486083984,0.2351989746,9.222610474,9.225718129,1.46084766237982
0.064300537,-0.05923461914,0.251953125,9.198669434,9.202309953,1.56891638796255
0.068328858,-0.05683898926,0.247177124,9.196273804,9.199770599,1.53959387256827
0.072326661,-0.06640625,0.2495574951,9.193878174,9.19750426,1.55480724460484
0.076354981,-0.06640625,0.2447814941,9.193878174,9.197375911,1.52506572193985
0.080352784,-0.07119750977,0.2591400146,9.172332764,9.176268902,1.61826157570079
0.084381104,-0.04725646973,0.2495574951,9.177124023,9.180638184,1.55766433954295
0.088378907,-0.07119750977,0.2567443848,9.217819214,9.221668928,1.59540218636511
0.092407227,-0.05683898926,0.2615356445,9.251342773,9.255213378,1.61929099098027
0.09640503,-0.0376739502,0.251953125,9.294433594,9.297924259,1.55277861612333
0.10043335,-0.03289794922,0.2663269043,9.347106934,9.350958257,1.63207565947155
0.104431153,-0.00895690918,0.251953125,9.402175903,9.405555397,1.5350053375551
0.108459473,0.01020812988,0.2495574951,9.476394653,9.479685584,1.50851451429744
0.112457276,0.02696228027,0.2447814941,9.600891113,9.604048892,1.46047417710902
0.116485596,0.05569458008,0.2328033447,9.756515503,9.759451524,1.36687132393505
0.120483399,0.07963562012,0.2351989746,9.876235962,9.879357123,1.36417600086419
0.124481202,0.1083679199,0.2328033447,9.988754272,9.992054489,1.33504638122391
0.128509522,0.1179351807,0.2304077148,10.07015991,10.07348585,1.31062287422359
0.132507325,0.1227264404,0.2328033447,10.12762451,10.13104325,1.31672750305754
0.136535645,0.1371002197,0.2256164551,10.14437866,10.14781344,1.27396270637214
0.140533448,0.1418914795,0.2040710449,10.12762451,10.13067404,1.15423716598385
0.14453125,0.1275177002,0.1897125244,10.08691406,10.0895038,1.07739367475451
0.148559571,0.1131591797,0.201675415,10.02467346,10.02734042,1.15244210368259
0.152557373,0.08921813965,0.2136535645,9.919326782,9.9220286,1.23385995309167
0.156555176,0.0676574707,0.2208404541,9.792434692,9.795158255,1.29189318396497
0.160583496,0.05090332031,0.2208404541,9.682296753,9.684948738,1.30659676928259
0.164581299,0.0365447998,0.228012085,9.598495483,9.601272862,1.36079440891723
0.168579102,0.02217102051,0.2304077148,9.529067993,9.531878938,1.38510734853482
0.172607422,0.01499938965,0.2399902344,9.457244873,9.46030131,1.45364321518776
0.176605225,0.003021240234,0.2447814941,9.397384644,9.400572602,1.49209335212351
0.180603028,-0.01133728027,0.2495574951,9.344711304,9.348049894,1.52976185685215
0.184631348,-0.02571105957,0.247177124,9.306411743,9.309729165,1.5214052047393
0.188629151,-0.03289794922,0.251953125,9.287261963,9.290737184,1.55398010027816
0.192626953,-0.02810668945,0.2567443848,9.277679443,9.281273809,1.58515379738122
0.196655274,-0.0376739502,0.2591400146,9.280075073,9.283768967,1.59951825099212
0.200653077,-0.04006958008,0.2543487549,9.287261963,9.290830621,1.56874360571807
0.204650879,-0.0376739502,0.2423858643,9.301620483,9.304854316,1.49268947978577
0.208648682,-0.02571105957,0.2399902344,9.311203003,9.314330772,1.47642914614828
0.212677002,-0.01612854004,0.251953125,9.330352783,9.333767919,1.54681416320358
0.216674805,-0.001770019531,0.247177124,9.363876343,9.367138294,1.51207867492726
0.220672608,0.01260375977,0.2447814941,9.399780273,9.402975381,1.49171198558657
0.224700928,0.03414916992,0.2399902344,9.450057983,9.453166526,1.45474058925737
0.228698731,0.08442687988,0.2399902344,9.466827393,9.470245197,1.45211654284999
0.232696534,0.01977539062,0.2399902344,9.488372803,9.491427965,1.44887504811253
0.236694336,0.003021240234,0.228012085,9.651168823,9.653862351,1.35338008822182
0.240722657,0.04371643066,0.228012085,9.854675293,9.857409689,1.32542887272479
0.244720459,0.07963562012,0.2064666748,10.0198822,10.02232556,1.18041525328584
0.248718262,0.08921813965,0.1921081543,10.07974243,10.08196771,1.0918158980456
0.252746582,0.08203125,0.2064666748,10.05340576,10.05586023,1.17647820458877
0.256744385,0.1083679199,0.2064666748,9.979171753,9.98189566,1.18519699675027
0.260742188,0.09161376953,0.2136535645,9.952850342,9.955564818,1.22970294503302
0.264739991,0.05090332031,0.2256164551,10.02467346,10.02734122,1.28927113876301
0.268768311,0.05090332031,0.2304077148,10.07255554,10.07531905,1.3103843644218
0.272766114,0.05569458008,0.2208404541,10.01748657,10.02007533,1.26288976537305
0.276763916,0.05809020996,0.2160491943,9.931289673,9.933809254,1.24621711315929
0.280792237,0.0532989502,0.2112579346,9.847503662,9.849913658,1.22895658265651
0.284790039,0.03414916992,0.2136535645,9.773284912,9.775679618,1.25233464790961
0.288787842,0.02935791016,0.2375946045,9.670333862,9.673296754,1.40743508302671
0.292785645,0.02935791016,0.2543487549,9.538650513,9.542086186,1.5274266214513
0.296813965,0.02217102051,0.2639312744,9.454849243,9.458558319,1.59898693981178
0.300811768,0.01737976074,0.2687225342,9.454849243,9.45868321,1.62800029157205
0.304809571,0.01020812988,0.2591400146,9.505126953,9.508664267,1.56167757066177
0.308807373,-0.00895690918,0.2591400146,9.557800293,9.561316866,1.55307555649047
0.312835694,-0.0376739502,0.2735137939,9.588928223,9.59290225,1.63384444932237
0.316833496,-0.06640625,0.2806854248,9.608078003,9.612406411,1.67329343196984
0.320831299,-0.07359313965,0.2902679443,9.632019043,9.63667278,1.72607749647773
0.324829102,-0.07598876953,0.2854766846,9.665542603,9.670056103,1.69171572729402
0.328857422,-0.07119750977,0.2735137939,9.706237793,9.710351743,1.61407737017531
0.332855225,-0.07119750977,0.2735137939,9.763702393,9.76779214,1.60458315062705
0.336853028,-0.06880187988,0.2806854248,9.813980103,9.818234233,1.63820512330411
0.34085083,-0.05683898926,0.2854766846,9.840316772,9.844620957,1.66170972858535
0.344879151,-0.02331542969,0.2735137939,9.828338623,9.832171352,1.59407392086365
0.348876953,0.04850769043,0.2447814941,9.787643433,9.790824017,1.4326075070318
0.352874756,0.1011810303,0.2399902344,9.737365723,9.740848224,1.4117681252137
0.356903077,0.1251220703,0.2399902344,9.713424683,9.717194549,1.41520536099476
0.360900879,0.1275177002,0.247177124,9.708633423,9.712616549,1.45828212985562
0.364898682,0.1203308105,0.2663269043,9.701446533,9.705847431,1.57238440640341
0.368896485,0.1131591797,0.2830810547,9.679901123,9.684700596,1.674977971021
0.372924805,0.1035766602,0.2950592041,9.641601562,9.646671382,1.75275839036949
0.376922608,0.1035766602,0.302230835,9.596099854,9.60141677,1.80383923025241
0.380920411,0.08682250977,0.3094177246,9.555404663,9.560807275,1.85459505356687
0.384918213,0.07484436035,0.3285675049,9.519485474,9.525448124,1.97673287501135
0.388946534,0.0676574707,0.3309631348,9.483581543,9.489596041,1.99867698279826
0.392944336,0.06048583984,0.3357543945,9.457244873,9.463396332,2.03323915531681
0.396942139,0.0532989502,0.3309631348,9.433303833,9.43925837,2.00933988608745
0.400939942,0.04132080078,0.3333587646,9.421325684,9.427312083,2.02645598120546
0.404968262,0.02217102051,0.3381500244,9.433303833,9.439388656,2.05296299016578
0.408966065,0.01499938965,0.3525085449,9.476394653,9.48296066,2.13033745242744
0.412963868,-0.001770019531,0.3596954346,9.524276733,9.531066637,2.16281412278958
0.41696167,-0.01612854004,0.3549041748,9.572158813,9.578749472,2.12336347153747
0.420989991,-0.03050231934,0.3572998047,9.596099854,9.602797818,2.13234702769597
0.424987793,-0.0376739502,0.3620910645,9.600891113,9.607790559,2.15983101394324
0.428985596,-0.0352935791,0.3596954346,9.581741333,9.588555335,2.14984074717933
0.432983399,-0.02331542969,0.371673584,9.553009033,9.560264978,2.22804449088707
0.437011719,-0.01133728027,0.3740692139,9.521881104,9.529232711,2.24971895323601
0.441009522,0.005416870117,0.3764648438,9.488372803,9.495839803,2.27210036343157
0.445007325,0.0078125,0.3932189941,9.464431763,9.472600002,2.37910017122659
0.449005127,0.01977539062,0.4051818848,9.462036133,9.470728124,2.45200785499798
0.453033448,0.02456665039,0.4004058838,9.476394653,9.484881866,2.41946996647562
0.45703125,0.04371643066,0.3932189941,9.490768433,9.499011409,2.37248144360378
0.461029053,0.04611206055,0.4027862549,9.529067993,9.537688394,2.42037868829304
0.465026856,0.06048583984,0.4051818848,9.572158813,9.58092142,2.42378958207013
0.469055176,0.0676574707,0.4123687744,9.610473633,9.619554511,2.45689472174185
0.473052979,0.08682250977,0.4051818848,9.651168823,9.660060567,2.40392120337316
0.477050782,0.09161376953,0.4027862549,9.682296753,9.691104182,2.38204042407108
0.481048584,0.09638977051,0.4075775146,9.687088013,9.696137612,2.40914010365179
0.485076905,0.1011810303,0.4171600342,9.684692383,9.694200671,2.46630876470467
0.489074707,0.1107635498,0.4171600342,9.682296753,9.691912168,2.46689148199469
0.49307251,0.1011810303,0.4315185547,9.679901123,9.690042911,2.55234897380696
0.497070313,0.08921813965,0.4363098145,9.679901123,9.690139931,2.58068156939077
0.501098633,0.08682250977,0.4363098145,9.682296753,9.692511275,2.58004975954925
0.505096436,0.07484436035,0.4363098145,9.679901123,9.69001825,2.58071399787415
0.509094239,0.06527709961,0.4339141846,9.699050903,9.708971678,2.56152103705878
0.513092041,0.06048583984,0.4363098145,9.715820312,9.72580018,2.57121297197162
0.517120362,0.04850769043,0.4315185547,9.723007202,9.732699025,2.54115527624993
0.521118164,0.02696228027,0.4267425537,9.713424683,9.722831647,2.51556390355918
0.525115967,0.01260375977,0.4291229248,9.687088013,9.696596285,2.53645345743792
0.52911377,0.005416870117,0.4315185547,9.646392822,9.656041222,2.56134250738912
0.53314209,0.003021240234,0.4243469238,9.605682373,9.615051393,2.52949116123671
0.537139893,0.003021240234,0.4363098145,9.564987183,9.574933691,2.61175389813252
0.541137696,0.005416870117,0.4506835938,9.524276733,9.534935361,2.70918381337596
0.545135498,0.01020812988,0.4722290039,9.495544434,9.507285024,2.84706586632973
0.549163819,0.02217102051,0.4674377441,9.471603394,9.483156671,2.82533210278761
0.553161621,0.02696228027,0.4746246338,9.445266724,9.457222583,2.87668145572175
0.557159424,0.02935791016,0.4817962646,9.433303833,9.445645067,2.92376820265223
0.561157227,0.03175354004,0.4889831543,9.423721313,9.436452522,2.97031371846283
0.565185547,0.03414916992,0.4817962646,9.438095093,9.450446169,2.9222815536291
0.56918335,0.0365447998,0.4817962646,9.464431763,9.476757449,2.914161114345
0.573181153,0.03414916992,0.4817962646,9.495544434,9.507820881,2.90463194866161
0.577178955,0.03175354004,0.4817962646,9.517105103,9.52934549,2.89806544302738
0.581207276,0.04611206055,0.4794006348,9.545822144,9.557963784,2.87500179650898
0.585205078,0.05569458008,0.4913787842,9.560195923,9.57297765,2.94227243220229
0.589202881,0.05090332031,0.4961700439,9.574554443,9.587537152,2.96647136077986
0.593200684,0.05569458008,0.4961700439,9.588928223,9.601918093,2.96202446558348
0.597229004,0.05809020996,0.4937744141,9.603286743,9.616148081,2.94334455875605
0.601226807,0.06527709961,0.4913787842,9.622436523,9.635195839,2.92325648362255
0.60522461,0.07484436035,0.4913787842,9.651168823,9.663959563,2.91454820493834
0.609222412,0.07244873047,0.4937744141,9.675109863,9.687972588,2.92150424483478
0.613250733,0.07005310059,0.5009613037,9.696670532,9.709855255,2.95737853305679
0.617248536,0.0676574707,0.5105285645,9.711029053,9.724674915,3.00931243077342
0.621246338,0.07244873047,0.5177154541,9.711029053,9.725089376,3.05158522299891
0.625244141,0.07723999023,0.5225067139,9.706237793,9.720598303,3.08127790642149
0.629272461,0.08682250977,0.5272979736,9.689483643,9.704209116,3.11481695455329
0.633270264,0.09161376953,0.5320739746,9.665542603,9.680609981,3.15072739869495
0.637268067,0.1011810303,0.5320739746,9.636810303,9.652018086,3.16007016896234
0.64126587,0.1131591797,0.5344696045,9.610473633,9.625989103,3.18290500213646
0.64529419,0.1131591797,0.5320739746,9.598495483,9.613897402,3.17261316352473
0.649291993,0.1155548096,0.5344696045,9.576950073,9.592548326,3.19401248021246
0.653289795,0.1179351807,0.5344696045,9.545822144,9.561500241,3.20439488047213
0.657287598,0.1035766602,0.5368652344,9.529067993,9.544741443,3.22443043320603
0.661315918,0.08921813965,0.5272979736,9.505126953,9.520159737,3.17509557433153
0.665313721,0.08442687988,0.5416564941,9.493148804,9.508963869,3.26549131091981
0.669311524,0.07244873047,0.5584106445,9.481185913,9.497892271,3.37054087548488
0.673309327,0.06527709961,0.5584106445,9.464431763,9.481115553,3.37651191364031
0.677337647,0.05569458008,0.5608062744,9.462036133,9.478804426,3.39184210830859
0.68133545,0.04850769043,0.5751800537,9.469207764,9.486784532,3.47595260416668
0.685333252,0.04371643066,0.5679931641,9.485977173,9.503067415,3.42657978625701
0.689331055,0.04371643066,0.5703887939,9.495544434,9.512760829,3.43753885387733
0.693359375,0.04371643066,0.5727844238,9.507522583,9.52486109,3.44760328419143
0.697357178,0.04850769043,0.5775756836,9.524276733,9.54189677,3.47026293201017
0.701354981,0.04371643066,0.5775756836,9.548217773,9.565770614,3.4615914304546
0.705352784,0.05809020996,0.5775756836,9.562591553,9.580194432,3.45637336671028
0.709381104,0.07244873047,0.5679931641,9.579345703,9.596443568,3.39319895338428
0.713378907,0.07005310059,0.5727844238,9.598495483,9.615825756,3.41495047230762
0.717376709,0.07484436035,0.5632019043,9.608078003,9.624861608,3.35459739630574
0.721374512,0.08921813965,0.5703887939,9.620056152,9.637363936,3.39304196313175
0.725402832,0.1011810303,0.5727844238,9.641601562,9.659130411,3.39962223616408
0.729400635,0.1011810303,0.5679931641,9.658355713,9.675571762,3.36541680268787
0.733398438,0.09638977051,0.5727844238,9.675109863,9.69252928,3.38789399861276
0.737396241,0.1083679199,0.5799713135,9.687088013,9.705039129,3.42602626823528
0.741424561,0.1155548096,0.5703887939,9.706237793,9.723669492,3.36289114177517
0.745422364,0.1203308105,0.5703887939,9.725387573,9.742842826,3.35626558499946
0.749420166,0.1227264404,0.5871429443,9.744552612,9.762996683,3.44782707472147
0.753417969,0.1227264404,0.594329834,9.754119873,9.772980315,3.48651224437755
0.757446289,0.13230896,0.5991210938,9.758911133,9.7781797,3.51278313305366
0.761444092,0.1227264404,0.5967254639,9.758911133,9.77790824,3.49881674488947
0.765441895,0.1083679199,0.5991210938,9.751724243,9.770712124,3.51547126174805
0.769439698,0.1083679199,0.5919342041,9.744552612,9.763116066,3.475954233306
0.773468018,0.1035766602,0.6086883545,9.732574463,9.752140038,3.57849226744795
0.777465821,0.1011810303,0.6158752441,9.715820312,9.735846356,3.62686794093476
0.781463623,0.1083679199,0.6110839844,9.703842163,9.723668031,3.60312807388368
0.785461426,0.10597229,0.6110839844,9.689483643,9.709312387,3.60846250597088
0.789489746,0.1011810303,0.6206665039,9.670333862,9.690759595,3.67215060495048
0.793487549,0.09161376953,0.6254577637,9.646392822,9.667082547,3.70961343801812
0.797485352,0.08921813965,0.6302490234,9.627227783,9.64824795,3.74537839986106
0.801483155,0.08442687988,0.6302490234,9.617660522,9.638658395,3.74911002239084
0.805511475,0.09161376953,0.6350250244,9.600891113,9.622305339,3.78399099260296
0.809509278,0.09399414062,0.6398162842,9.596099854,9.617865261,3.81434591457013
0.81350708,0.08442687988,0.6446075439,9.586532593,9.608551084,3.84668318820525
0.817504883,0.08682250977,0.6446075439,9.588928223,9.610962569,3.84571656556017
0.821533203,0.08682250977,0.6613616943,9.596099854,9.61925516,3.94242080887499
0.825531006,0.07484436035,0.6661529541,9.591323853,9.614720728,3.97290327582235
0.829528809,0.0676574707,0.668548584,9.596099854,9.619598076,3.98518888850469
0.833526612,0.06527709961,0.6805267334,9.605682373,9.629979833,4.0523278962873
0.837554932,0.0532989502,0.6757354736,9.620056152,9.643906863,4.01792989186028
0.841552735,0.03894042969,0.6781311035,9.655960083,9.679821449,4.0172127690333
0.845550537,0.04371643066,0.6733398438,9.682296753,9.705780138,3.97809805403716
0.84954834,0.0676574707,0.6613616943,9.696670532,9.719433946,3.9017227841356
0.853546143,0.08442687988,0.6661529541,9.703842163,9.727046848,3.92695253558889
0.857574463,0.1131591797,0.6589660645,9.706237793,9.729239095,3.88364401353922
0.861572266,0.1227264404,0.6565856934,9.725387573,9.748298826,3.86201652612857
0.865570069,0.1275177002,0.668548584,9.737365723,9.761122332,3.92731722402939
0.869567871,0.1227264404,0.6733398438,9.751724243,9.77571348,3.94959427431257
0.873596192,0.1275177002,0.6853027344,9.763702393,9.788553775,4.01459728761104
0.877593995,0.1179351807,0.6829223633,9.766098022,9.790656885,3.99976923654175
0.881591797,0.1035766602,0.6853027344,9.773284912,9.797829654,4.01079033315265
0.8855896,0.10597229,0.692489624,9.766098022,9.791192092,4.05567424073105
0.88961792,0.1035766602,0.7116394043,9.756515503,9.782982854,4.17152723258556
0.893615723,0.1107635498,0.7116394043,9.739761353,9.766352974,4.17864300540636
0.897613526,0.1083679199,0.7236175537,9.720611572,9.748110346,4.25707153831389
0.901611328,0.09161376953,0.7236175537,9.706237793,9.733605064,4.26342726743618
0.905639649,0.08203125,0.7332000732,9.679901123,9.707975959,4.33141885908497
0.909637452,0.07244873047,0.7332000732,9.646392822,9.674488392,4.34644053982154
0.913635254,0.07244873047,0.7403717041,9.620056152,9.64877606,4.40075626733467
0.917633057,0.07005310059,0.7451629639,9.605682373,9.634796787,4.43573150221105
0.921661377,0.06527709961,0.7499542236,9.581741333,9.611267315,4.47526149489288
0.92565918,0.06527709961,0.7475585938,9.564987183,9.594377768,4.46880565735874
0.929656983,0.0676574707,0.7523498535,9.543441772,9.57329038,4.50743321585479
0.933654786,0.09399414062,0.7523498535,9.517105103,9.547259017,4.51974861256228
0.937683106,0.10597229,0.7499542236,9.500335693,9.530479513,4.51327563922593
0.941680909,0.13230896,0.766708374,9.483581543,9.515443567,4.62162662235759
0.945678711,0.1394958496,0.7810821533,9.466827393,9.500019437,4.71612571515537
0.949707032,0.1394958496,0.7834777832,9.469207764,9.50258871,4.72934132686528
0.953704834,0.1371002197,0.7882537842,9.462036133,9.495802666,4.76164542481242
0.957702637,0.1275177002,0.7954406738,9.471603394,9.505801254,4.80009511960055
0.96170044,0.1083679199,0.8098144531,9.459640503,9.494858688,4.89268882294284
0.965698243,0.08442687988,0.8145904541,9.473999023,9.509329261,4.91410738011907
0.969726563,0.07244873047,0.8193817139,9.485977173,9.521575402,4.93670958132209
0.973724366,0.05090332031,0.816986084,9.493148804,9.528375078,4.91871914981357
0.977722168,0.0365447998,0.8289642334,9.512313843,9.548436095,4.98050350901524
0.981719971,0.02456665039,0.8385314941,9.533859253,9.570695421,5.0263845895759
0.985748291,0.01977539062,0.8505096436,9.550613403,9.588429178,5.0889192990811
0.989746094,0.01499938965,0.8529052734,9.560195923,9.598177872,5.09809417609897
0.993743897,0.02456665039,0.862487793,9.562591553,9.601439784,5.15377001737876
0.9977417,0.04132080078,0.8600921631,9.564987183,9.603668348,5.13822060405941
1.00177002,0.0676574707,0.8600921631,9.574554443,9.613346392,5.13303391313558
1.005767823,0.07244873047,0.8553009033,9.584136963,9.622498105,5.09949605387175
1.009765625,0.1083679199,0.862487793,9.591323853,9.630634561,5.13810454607857
1.013763428,0.1131591797,0.8553009033,9.586532593,9.625276712,5.09802004273917
1.017791748,0.1203308105,0.8576965332,9.588928223,9.627962781,5.11090708687571
1.021789551,0.1275177002,0.8553009033,9.572158813,9.611140658,5.10553809929438
1.025787354,0.1299133301,0.862487793,9.548217773,9.587972951,5.16102839745079
1.029785157,0.1275177002,0.862487793,9.538650513,9.578413207,5.16619336421642
1.033813477,0.1203308105,0.8648681641,9.524276733,9.564221021,5.18819872148929
1.03781128,0.1107635498,0.8720550537,9.519485474,9.559987043,5.23375476003435
1.041809082,0.10597229,0.886428833,9.517105103,9.558884649,5.32088301088793
1.045806885,0.09399414062,0.8959960938,9.509918213,9.552496444,5.3820873346816
1.049835205,0.08442687988,0.9007873535,9.502731323,9.545703136,5.41481547421991
1.053833008,0.08442687988,0.9055786133,9.497940063,9.541387005,5.44617340252841
1.057830811,0.09399414062,0.9031829834,9.485977173,9.529340865,5.43860962736774
1.061828614,0.1203308105,0.9031829834,9.473999023,9.517713827,5.4452736098788
1.065826416,0.1418914795,0.8959960938,9.476394653,9.519716268,5.40067499326106
1.069854737,0.1658325195,0.891204834,9.478790283,9.522038212,5.37039647805687
1.073852539,0.1777954102,0.8959960938,9.473999023,9.517934529,5.40168899465075
1.077850342,0.1849822998,0.891204834,9.481185913,9.524775631,5.36884849285211
1.081848145,0.18019104,0.8983917236,9.502731323,9.546804654,5.39974705206548
1.085876465,0.1538543701,0.910369873,9.529067993,9.573692145,5.45654489393288
1.089874268,0.1251220703,0.9199371338,9.555404663,9.600400936,5.49867784707393
1.093872071,0.1203308105,0.9295196533,9.579345703,9.62508963,5.54183772130492
1.097869873,0.1131591797,0.9414825439,9.593719482,9.640469277,5.60440476561933
1.101898194,0.1083679199,0.9414825439,9.612869263,9.659471437,5.59334456020381
1.105895996,0.1131591797,0.9486694336,9.620056152,9.66738119,5.63155319699614
1.109893799,0.1083679199,0.9462738037,9.629623413,9.676612258,5.61191044679039
1.113891602,0.1107635498,0.9391021729,9.634414673,9.680709041,5.56687956291967
1.117919922,0.1107635498,0.9438781738,9.632019043,9.67878946,5.59639445556827
1.121917725,0.1107635498,0.9510650635,9.624832153,9.672341356,5.64291575225129
1.125915528,0.1155548096,0.9582519531,9.617660522,9.665970911,5.6894569945923
1.12991333,0.1155548096,0.9582519531,9.603286743,9.651669078,5.69791550741723
1.133941651,0.1179351807,0.9678192139,9.593719482,9.643134151,5.76010590362247
1.137939453,0.1179351807,0.9702148438,9.581741333,9.631458484,5.78143605580542
1.141937256,0.1203308105,0.9750061035,9.574554443,9.624822554,5.81410445102737
1.145935059,0.1155548096,0.9750061035,9.576950073,9.627147164,5.81269571663113
1.149932862,0.09878540039,0.9797973633,9.576950073,9.627446917,5.84117640681806
1.153961182,0.09878540039,0.9869842529,9.569763184,9.62103237,5.88810956582185
1.157958985,0.09638977051,0.9941558838,9.564987183,9.616996242,5.93354481837685
1.161956787,0.09161376953,0.984588623,9.562591553,9.613582321,5.878335386709
1.16595459,0.08442687988,0.9893798828,9.562591553,9.614008407,5.90677967426498
1.169982911,0.07244873047,0.9965515137,9.572158813,9.624166878,5.94344693583456
1.173980713,0.07484436035,1.006134033,9.584136963,9.637094411,5.99272689247818
1.177978516,0.08442687988,1.010925293,9.591323853,9.644821983,6.01652760064868
1.181976319,0.07484436035,1.010925293,9.600891113,9.654257185,6.01062591259306
1.186004639,0.07963562012,1.015716553,9.620056152,9.673856642,6.0269378963623
1.190002442,0.08682250977,1.015716553,9.634414673,9.688197167,6.0179838113549
1.194000245,0.08442687988,1.015716553,9.634414673,9.688175995,6.01799701173525
1.197998047,0.08442687988,1.025283813,9.636810303,9.691565797,6.07276142654741
1.202026368,0.07723999023,1.022888184,9.648773193,9.703148478,6.05125981771799
1.20602417,0.07244873047,1.022888184,9.667938232,9.722169445,6.03937672692357
1.210021973,0.0676574707,1.032470703,9.689483643,9.744571132,6.0821003200965
1.214019776,0.05809020996,1.039657593,9.718215942,9.773841798,6.10618664062562
1.218048096,0.04611206055,1.044433594,9.737365723,9.793327273,6.12209277102292
1.222045899,0.01020812988,1.063598633,9.770889282,9.828612497,6.21240097242855
1.226043702,-0.02571105957,1.097106934,9.802001953,9.863242214,6.38633268041766
1.230041504,-0.05923461914,1.113876343,9.835525513,9.898575219,6.46111948115679
1.234069825,-0.04965209961,1.106689453,9.840316772,9.902477521,6.41671523750293
1.238067627,0.0006256103516,1.082748413,9.828338623,9.887799786,6.28669374148106
1.24206543,0.07005310059,1.068374634,9.804397583,9.862684409,6.21876432593247
1.246063233,0.10597229,1.054016113,9.790039062,9.84718462,6.14455721176547
1.250061036,0.1251220703,1.049224854,9.785247803,9.842134062,6.11966967621482
1.254089356,0.1442718506,1.039657593,9.778060913,9.834234973,6.06854654548322
1.258087159,0.1490631104,1.049224854,9.775665283,9.832940777,6.12541313472854
1.262084961,0.1394958496,1.056411743,9.780456543,9.838332941,6.16413931684161
1.266082764,0.1275177002,1.063598633,9.785247803,9.843707502,6.20283703596185
1.270111084,0.1083679199,1.075561523,9.785247803,9.844777842,6.27219760064082
1.274108887,0.1011810303,1.087539673,9.802001953,9.862668119,6.33078226640337
1.27810669,0.08442687988,1.099502563,9.823562622,9.885262585,6.38601926480274
1.282104493,0.05569458008,1.118652344,9.833129883,9.896713002,6.49016805636423
1.286132813,0.0365447998,1.128234863,9.840316772,9.904851519,6.54060363193604
1.290130616,0.01977539062,1.140213013,9.845108032,9.910934817,6.60627597186071
1.294128418,0.0078125,1.161758423,9.840316772,9.908661759,6.73323138541887
1.298126221,0.005416870117,1.166549683,9.830734253,9.899707241,6.76727373623463
1.302154541,0.01260375977,1.168945312,9.802001953,9.871465661,6.80072835309593
1.306152344,0.03175354004,1.176116943,9.775665283,9.846212017,6.86028491394873
1.310150147,0.04371643066,1.176116943,9.746948242,9.817747309,6.88027103552204
1.31414795,0.07723999023,1.176116943,9.715820312,9.787051723,6.90195477056074
1.31817627,0.10597229,1.183303833,9.670333862,9.743038289,6.97586368859
1.322174073,0.1203308105,1.188095093,9.634414673,9.708140684,7.02955545608502
1.326171875,0.1251220703,1.185699463,9.610473633,9.684149018,7.03277753907316
1.330169678,0.1394958496,1.183303833,9.588928223,9.662671034,7.03417602094161
1.334197998,0.1394958496,1.190490723,9.581741333,9.656422434,7.08171959018604
1.338195801,0.13230896,1.209640503,9.562591553,9.63970399,7.20877823991547
1.342193604,0.1227264404,1.219223022,9.553009033,9.631279673,7.27258152417454
1.346191407,0.1179351807,1.235977173,9.553009033,9.633355068,7.37147310451778
1.350219727,0.1083679199,1.240768433,9.564987183,9.645736349,7.39065624720842
1.35421753,0.10597229,1.262313843,9.553009033,9.636630529,7.52687399150187
1.358215332,0.1107635498,1.269500732,9.545822144,9.630504715,7.57482144875332
1.362213135,0.1083679199,1.276672363,9.533859253,9.619569023,7.62657775745201
1.366241455,0.10597229,1.286254883,9.533859253,9.62081878,7.68316192868288
1.370239258,0.10597229,1.288650513,9.526672363,9.614017713,7.70303671498283
1.374237061,0.1035766602,1.300613403,9.517105103,9.606123718,7.78141497658891
1.378234864,0.1107635498,1.303009033,9.507522583,9.597035312,7.80326540355849
1.382232666,0.1203308105,1.312591553,9.500335693,9.591337465,7.8657127023337
1.386260987,0.1299133301,1.319778442,9.483581543,9.575855653,7.92192410519538
1.390258789,0.1418914795,1.326950073,9.469207764,9.562783348,7.97620959771695
1.394256592,0.1514587402,1.341323853,9.454849243,9.550720582,8.07343309119164
1.398254395,0.15625,1.346115112,9.450057983,9.546729065,8.10587557788668
1.402282715,0.1586456299,1.350891113,9.430908203,9.528489113,8.15050752349586
1.406280518,0.1490631104,1.360473633,9.406967163,9.506005445,8.22827014482604
1.410278321,0.1514587402,1.365264893,9.392593384,9.49250749,8.26927398036802
1.414276123,0.1466674805,1.370056152,9.383026123,9.483656702,8.30629784497303
1.418304444,0.1538543701,1.384414673,9.387817383,9.490594837,8.38779403682361
1.422302246,0.1442718506,1.389205933,9.387817383,9.491144436,8.41654231965674
1.426300049,0.1466674805,1.408355713,9.378234863,9.484527733,8.53941892587098
1.430297852,0.1347045898,1.425125122,9.378234863,9.48685491,8.63973581961943
1.434326172,0.1251220703,1.439483643,9.378234863,9.488891286,8.72557197325945
1.438323975,0.1155548096,1.434692383,9.390213013,9.499883977,8.68616310989548
1.442321778,0.1011810303,1.441879272,9.409362793,9.519735375,8.71166787918343
1.44631958,0.07963562012,1.451446533,9.426116943,9.537542634,8.75342353481421
1.450347901,0.07484436035,1.453842163,9.433303833,9.544971447,8.7611071186468
1.454345703,0.0676574707,1.461029053,9.435699463,9.548382469,8.80158951945486
1.458343506,0.07723999023,1.473007202,9.433303833,9.547928437,8.87475435602725
1.462341309,0.07484436035,1.484970093,9.430908203,9.547395843,8.9479222836259
1.466369629,0.06527709961,1.504119873,9.428512573,9.547957218,9.06374090563037
1.470367432,0.06527709961,1.504119873,9.426116943,9.545591565,9.06600607719796
1.474365235,0.06527709961,1.511306763,9.406967163,9.527819291,9.12682993558763
1.478363037,0.07005310059,1.520889282,9.392593384,9.515189022,9.19749633525241
1.482391358,0.07244873047,1.523284912,9.383026123,9.506146694,9.22094886262516
1.486389161,0.07963562012,1.542434692,9.373443604,9.499836399,9.34415785109115
1.490386963,0.09161376953,1.530456543,9.368652344,9.49327852,9.27741180026582
1.494384766,0.1083679199,1.528060913,9.368652344,9.493069077,9.26296803531463
1.498413086,0.1227264404,1.537643433,9.375839233,9.501882468,9.31284960411709
1.502410889,0.1227264404,1.547225952,9.387817383,9.51525539,9.35811908187196
1.506408692,0.1251220703,1.554397583,9.399780273,9.528256743,9.38894295878318
1.510406495,0.13230896,1.552017212,9.423721313,9.551585548,9.35133325945793
1.514434815,0.1299133301,1.554397583,9.445266724,9.573196582,9.34447212346297
1.518432618,0.1227264404,1.561584473,9.464431763,9.593178641,9.36833584871046
1.52243042,0.1227264404,1.568771362,9.476394653,9.606152247,9.39901638861864
1.526428223,0.1251220703,1.566375732,9.485977173,9.615245779,9.37557809683494
1.530456543,0.1179351807,1.575958252,9.485977173,9.616720649,9.43199682527771
1.534454346,0.1107635498,1.580734253,9.481185913,9.612693465,9.46484310048629
1.538452149,0.1155548096,1.590316772,9.471603394,9.604880592,9.53057046182685
1.542449952,0.09878540039,1.595108032,9.454849243,9.588967744,9.5755661807813
1.546478272,0.09161376953,1.616653442,9.435699463,9.573629708,9.72184926717991
1.550476075,0.08442687988,1.623840332,9.409362793,9.548826812,9.79110571588599
1.554473877,0.07723999023,1.628631592,9.385421753,9.5259933,9.84405391544121
1.55847168,0.07723999023,1.640594482,9.373443604,9.516247226,9.92734956843304
1.5625,0.08682250977,1.640594482,9.361480713,9.504546783,9.93969451079175
1.566497803,0.08682250977,1.642990112,9.349502563,9.493163479,9.96641447501094
1.570495606,0.08682250977,1.652572632,9.354293823,9.499544588,10.0183373326493
1.574493409,0.08921813965,1.657348633,9.366256714,9.512177942,10.0341081091457
1.578491211,0.08442687988,1.662139893,9.373443604,9.520046319,10.0550135001187
1.582519532,0.08682250977,1.671722412,9.375839233,9.524103911,10.109236192662
1.586517334,0.08921813965,1.678909302,9.373443604,9.523032149,10.1543112127151
1.590515137,0.08921813965,1.686080933,9.371047974,9.521941447,10.1993299489535
1.59451294,0.09161376953,1.683685303,9.373443604,9.523898061,10.1825690822323
1.59854126,0.08203125,1.688476562,9.366256714,9.517586199,10.2187009027693
1.602539063,0.07963562012,1.690872192,9.347106934,9.499147258,10.2534340693405
1.606536866,0.07723999023,1.698059082,9.335144043,9.488639785,10.3090174169459
1.610534668,0.07484436035,1.707626343,9.323165894,9.478555358,10.3788939582418
1.614562989,0.07005310059,1.705245972,9.318374634,9.473377279,10.3699938281362
1.618560791,0.07484436035,1.707626343,9.315979004,9.471486378,10.3867261296421
1.622558594,0.08921813965,1.710021973,9.325561523,9.481467858,10.3903880800807
1.626556397,0.08682250977,1.710021973,9.335144043,9.49087075,10.3799798321624
1.630584717,0.09638977051,1.714813232,9.366256714,9.522428274,10.3745073802266
1.63458252,0.09161376953,1.719604492,9.404571533,9.560930834,10.3614558858227
1.638580323,0.09878540039,1.717208862,9.442871094,9.598248763,10.3061929552249
1.642578125,0.1083679199,1.717208862,9.473999023,9.628977484,10.2729454294288
1.646606446,0.1083679199,1.722000122,9.514709473,9.669887506,10.2578642072066
1.650604248,0.1035766602,1.724395752,9.555404663,9.710305202,10.2290716269184
1.654602051,0.10597229,1.719604492,9.572158813,9.725970085,10.1837411406967
1.658599854,0.1107635498,1.729187012,9.588928223,9.744223968,10.2217095474598
1.662628174,0.1083679199,1.733963013,9.605682373,9.761531908,10.2318761517227
1.666625977,0.1131591797,1.750732422,9.620056152,9.77871921,10.3135529333939
1.67062378,0.1083679199,1.760299683,9.634414673,9.794505841,10.3536359266175
1.674621582,0.1035766602,1.767486572,9.634414673,9.79574821,10.3950432990807
1.678649903,0.09878540039,1.767486572,9.627227783,9.788630248,10.4026863617742
1.682647705,0.09399414062,1.774673462,9.620056152,9.782830938,10.451721030311
1.686645508,0.09399414062,1.786636353,9.605682373,9.770877044,10.5359962483758
1.690643311,0.09161376953,1.789031982,9.600891113,9.766582754,10.5549773597365
1.694671631,0.08921813965,1.789031982,9.586532593,9.752445973,10.5704533090822
1.698669434,0.07244873047,1.793823242,9.574554443,9.741413831,10.6112318283437
1.702667237,0.07484436035,1.808197021,9.553009033,9.722919301,10.7178450051952
1.706665039,0.08442687988,1.803405762,9.538650513,9.707999477,10.7057322536062
1.71069336,0.09878540039,1.803405762,9.526672363,9.696366186,10.7187284136578
1.714691162,0.1131591797,1.798614502,9.514709473,9.683879154,10.7038623057148
1.718688965,0.1179351807,1.793823242,9.514709473,9.683047396,10.6759413840926
1.722686768,0.1179351807,1.796218872,9.505126953,9.674076149,10.7003971851203
1.726715088,0.1107635498,1.793823242,9.517105103,9.685316718,10.6734106077822
1.730712891,0.1155548096,1.801010132,9.526672363,9.696106266,10.7046119482225
1.734710694,0.1131591797,1.812973022,9.533859253,9.705366991,10.7661573504367
1.738708496,0.1083679199,1.812973022,9.543441772,9.714725712,10.7556620955944
1.742706299,0.1011810303,1.822555542,9.543441772,9.716441075,10.8112623031829
1.74673462,0.09399414062,1.829742432,9.531463623,9.705956473,10.8662785177645
1.750732422,0.08921813965,1.844100952,9.524276733,9.701572836,10.9576092699821
1.754730225,0.07484436035,1.846496582,9.517105103,9.694866726,10.979704321024
1.758728028,0.07484436035,1.846496582,9.509918213,9.68781171,10.9877995878445
1.762756348,0.09161376953,1.858474731,9.519485474,9.699635307,11.0463212034361
1.766754151,0.09878540039,1.865646362,9.519485474,9.701082341,11.0878118249407
1.770751953,0.09878540039,1.872833252,9.521881104,9.704817499,11.1267302979097
1.774749756,0.1131591797,1.875228882,9.519485474,9.703086728,11.1431577656939
1.778778077,0.1107635498,1.884811401,9.521881104,9.70726544,11.1959505951272
1.782775879,0.1155548096,1.887191772,9.524276733,9.710133521,11.2069192628808
1.786773682,0.1179351807,1.884811401,9.524276733,9.70969979,11.1931073564897
1.790771485,0.1131591797,1.891983032,9.519485474,9.706338572,11.2401917908318
1.794799805,0.1083679199,1.882415771,9.514709473,9.699738609,11.1903254341617
1.798797608,0.10597229,1.891983032,9.502731323,9.689826238,11.2595963075907
1.802795411,0.1107635498,1.896774292,9.493148804,9.681420117,11.2984148777047
1.806793213,0.1131591797,1.903961182,9.495544434,9.685207136,11.3372980201769
1.810821534,0.1107635498,1.915924072,9.483581543,9.675812756,11.420712321032
1.814819336,0.09399414062,1.923110962,9.471603394,9.665322629,11.4767442998308
1.818817139,0.08682250977,1.935089111,9.459640503,9.655925976,11.5606025360072
1.822814942,0.08442687988,1.947052002,9.442871094,9.641885391,11.6502438791861
1.826843262,0.08682250977,1.951843262,9.435699463,9.635852563,11.6867310889992
1.830841065,0.09399414062,1.959030151,9.426116943,9.627996399,11.7400809881967
1.834838868,0.09161376953,1.961425781,9.418930054,9.621425442,11.7627847807915
1.83883667,0.08921813965,1.973388672,9.421325684,9.626193451,11.8296146794196
1.842864991,0.08442687988,1.982971191,9.418930054,9.625775086,11.8884185905086
1.846862793,0.07963562012,1.997329712,9.414154053,9.624030566,11.9779756671899
1.850860596,0.07723999023,2.002120972,9.402175903,9.613291118,12.0207503811586
1.854858399,0.07963562012,1.999725342,9.404571533,9.615155173,12.0037903198232
1.858886719,0.07723999023,1.999725342,9.392593384,9.603420116,12.0186774038785
1.862884522,0.07963562012,2.009307861,9.383026123,9.596084573,12.0865076362108
1.866882325,0.07244873047,2.011703491,9.361480713,9.575464526,12.1275907138228
1.870880127,0.08203125,2.016479492,9.349502563,9.564837524,12.1705359469749
1.874908448,0.08682250977,2.014083862,9.337539673,9.552681252,12.1715617354165
1.87890625,0.08682250977,2.021270752,9.330352783,9.547175324,12.2228164231799
1.882904053,0.09161376953,2.023666382,9.313598633,9.531355528,12.2581540742601
1.886901856,0.1011810303,2.030853271,9.311203003,9.530640271,12.3033059734951
1.890930176,0.1107635498,2.045211792,9.301620483,9.524458171,12.3998407850448
1.894927979,0.10597229,2.045211792,9.292037964,9.515045503,12.4123026707732
1.898925782,0.1131591797,2.054794312,9.294433594,9.519531527,12.4654208579512
1.902923584,0.1155548096,2.047607422,9.289642334,9.513332947,12.4293467000969
1.906921387,0.1155548096,2.052398682,9.284866333,9.509702208,12.463730360744
1.910949707,0.1179351807,2.061981201,9.280075073,9.50712725,12.5263119355765
1.91494751,0.10597229,2.071548462,9.277679443,9.506728092,12.5859199138395
1.918945313,0.09878540039,2.061981201,9.272888184,9.499893699,12.5360050132212
1.922943116,0.09161376953,2.071548462,9.260925293,9.490228838,12.6081610249464
1.926971436,0.07963562012,2.081130981,9.248947144,9.48053117,12.6806236752209
1.930969239,0.07723999023,2.100280762,9.251342773,9.487069537,12.7903062413089
1.934967041,0.07963562012,2.102676392,9.248947144,9.485284029,12.8075942705662
1.938964844,0.07723999023,2.100280762,9.246551514,9.482397386,12.79671515254
1.942993164,0.08203125,2.100280762,9.246551514,9.482437624,12.7966599291567
1.946990967,0.08442687988,2.105072021,9.239364624,9.476513851,12.8345038633653
1.95098877,0.07723999023,2.109863281,9.248947144,9.486859983,12.849946685066
1.954986573,0.08203125,2.126617432,9.256134033,9.497644343,12.9387898301746
1.959014893,0.07723999023,2.124221802,9.258529663,9.499402918,12.921527868414
1.963012696,0.07244873047,2.117034912,9.277679443,9.51642903,12.8536242737617
1.967010498,0.07484436035,2.117034912,9.296829224,9.535117834,12.8280011921828
1.971008301,0.07244873047,2.124221802,9.306411743,9.546039316,12.85731657812
1.975036621,0.07723999023,2.124221802,9.325561523,9.564746834,12.8317396921574
1.979034424,0.08921813965,2.124221802,9.349502563,9.588194633,12.7998264948824
1.983032227,0.09878540039,2.121826172,9.368652344,9.606432824,12.7604636870825
1.98703003,0.09878540039,2.124221802,9.385421753,9.623316388,12.7523230820863
1.99105835,0.09638977051,2.136199951,9.404571533,9.644615438,12.7966487048142
1.995056153,0.09638977051,2.129013062,9.418930054,9.657030131,12.7361996319308
1.999053955,0.09399414062,2.131408691,9.430908203,9.66921752,12.734430380017
2.003051758,0.09161376953,2.133804321,9.445266724,9.683727456,12.7295605281595
2.007080078,0.09638977051,2.138595581,9.450057983,9.689503493,12.7508912967264
2.011077881,0.1083679199,2.148162842,9.454849243,9.696417968,12.7996122432407
2.015075684,0.1107635498,2.143371582,9.452453613,9.69304852,12.7750953801903
2.019073487,0.10597229,2.150558472,9.459640503,9.701594215,12.8071759206324
2.023071289,0.1107635498,2.157745361,9.466827393,9.71024997,12.8390560498622
2.02709961,0.1107635498,2.167327881,9.471603394,9.717039135,12.8878885925051
2.031097412,0.1131591797,2.169708252,9.476394653,9.722267972,12.8952286629876
2.035095215,0.1203308105,2.167327881,9.483581543,9.728828734,12.8720024399497
2.039093018,0.1131591797,2.172103882,9.490768433,9.736812914,12.890095415352
2.043121338,0.1107635498,2.172103882,9.500335693,9.746111128,12.8775862507626
2.047119141,0.09638977051,2.169708252,9.505126953,9.750095552,12.8577931320384
2.051116944,0.09638977051,2.172103882,9.502731323,9.748293639,12.8746536027635
2.055114746,0.1011810303,2.179290771,9.495544434,9.742941545,12.9252068433521
2.059143067,0.1083679199,2.179290771,9.488372803,9.736029494,12.934542104501
2.06314087,0.1131591797,2.169708252,9.476394653,9.722267972,12.8952286629876
2.067138672,0.1035766602,2.181686401,9.462036133,9.710850192,12.9831691050873
2.071136475,0.1011810303,2.188873291,9.442871094,9.693772144,13.0500440490687
2.075164795,0.09161376953,2.188873291,9.426116943,9.677357077,13.0725719107403
2.079162598,0.08682250977,2.186477661,9.402175903,9.653451944,13.0909212863687
2.083160401,0.08203125,2.193649292,9.387817383,9.641055002,13.1518183548163
2.087158203,0.08921813965,2.208023071,9.368652344,9.625745296,13.2609982382103
2.091186524,0.08921813965,2.210418701,9.359085083,9.616984158,13.2879646493374
2.095184327,0.1011810303,2.215209961,9.359085083,9.618204945,13.3155755112648
2.099182129,0.09878540039,2.219985962,9.361480713,9.621611994,13.3400012276687
2.103179932,0.09638977051,2.229568481,9.363876343,9.626133531,13.3922429585456
2.107208252,0.09878540039,2.231964111,9.383026123,9.645340926,13.3797063535811
2.111206055,0.1011810303,2.234359741,9.406967163,9.669210529,13.3606554943457
2.115203858,0.1035766602,2.234359741,9.418930054,9.680874699,13.3442599641973
2.119201661,0.1083679199,2.234359741,9.430908203,9.692581524,13.3278452699616
2.123229981,0.1083679199,2.243942261,9.430908203,9.694794996,13.3829522394371
2.127227784,0.1011810303,2.246322632,9.435699463,9.699929243,13.3901898545595
2.131225586,0.1035766602,2.253509521,9.435699463,9.701621392,13.4314447729839
2.135223389,0.1011810303,2.255905151,9.428512573,9.695163485,13.455115779535
2.139251709,0.1035766602,2.255905151,9.414154053,9.681225785,13.474851542275
2.143249512,0.09878540039,2.251113892,9.399780273,9.666082014,13.4671564790311
2.147247315,0.10597229,2.258300781,9.383026123,9.651545564,13.5317012067929
2.151245118,0.10597229,2.267883301,9.373443604,9.64447872,13.6003679213177
2.155273438,0.10597229,2.275054932,9.359085083,9.632215667,13.6619137225623
2.159271241,0.1083679199,2.284637451,9.351898193,9.627528847,13.7273910541853
2.163269043,0.10597229,2.279846191,9.344711304,9.619384499,13.7098645152334
2.167266846,0.1131591797,2.272659302,9.339920044,9.613110409,13.6748984485226
2.171295166,0.1107635498,2.270263672,9.337539673,9.61020358,13.6644159750159
2.175292969,0.1011810303,2.270263672,9.349502563,9.621721931,13.6477412735545
2.179290772,0.09399414062,2.279846191,9.356689453,9.630896691,13.6931570627543
2.183288575,0.09399414062,2.282241821,9.354293823,9.629136802,13.7103807182586
2.187316895,0.08921813965,2.291824341,9.356689453,9.633693799,13.7624373857713
2.191314698,0.09399414062,2.296600342,9.356689453,9.63487652,13.789957320755
2.1953125,0.09161376953,2.294219971,9.344711304,9.622653881,13.7932255028242
2.199310303,0.09399414062,2.308578491,9.342315674,9.623784687,13.879611416399
2.203338623,0.08921813965,2.315765381,9.335144043,9.618505262,13.9314867616526
2.207336426,0.08442687988,2.325332642,9.327957153,9.613796568,13.997203797995
2.211334229,0.08442687988,2.332519531,9.315979004,9.603917954,14.0560904784488
2.215332032,0.07963562012,2.337310791,9.301620483,9.591116055,14.1047485861139
2.219360352,0.07723999023,2.337310791,9.296829224,9.586449883,14.1117562634985
2.223358155,0.08921813965,2.332519531,9.301620483,9.590033934,14.0768595171367
2.227355957,0.08442687988,2.332519531,9.308807373,9.596961497,14.0664888616618
2.23135376,0.08921813965,2.337310791,9.327957153,9.616744057,14.066385391785
2.235351563,0.1035766602,2.334915161,9.351898193,9.639530941,14.0177750757823
2.239379883,0.1131591797,2.330123901,9.378234863,9.664034952,13.9522364149491
2.243377686,0.1083679199,2.327728271,9.397384644,9.681988466,13.9112365565203
2.247375489,0.1083679199,2.337310791,9.414154053,9.700570183,13.9423637697875
2.251373291,0.1131591797,2.337310791,9.435699463,9.721535429,13.9116901324324
2.255401612,0.1179351807,2.330123901,9.452453613,9.736131953,13.846850951436
2.259399414,0.1035766602,2.339706421,9.464431763,9.749893479,13.8849179507
2.263397217,0.09878540039,2.344497681,9.476394653,9.762606392,13.8954405420334
2.26739502,0.09638977051,2.351669312,9.485977173,9.773607444,13.9227972452773
2.27142334,0.09638977051,2.342102051,9.481185913,9.766658555,13.8750829363596
2.275421143,0.1107635498,2.354064941,9.483581543,9.772011522,13.9395888385584
2.279418946,0.1083679199,2.358856201,9.481185913,9.770815345,13.9702802323922
2.283416748,0.1131591797,2.361251831,9.473999023,9.764475035,13.9940223380629
2.287445069,0.1203308105,2.366043091,9.459640503,9.75179152,14.0416108043192
2.291442871,0.1227264404,2.378005981,9.442871094,9.738469527,14.1337828804746
2.295440674,0.1203308105,2.387588501,9.438095093,9.736154135,14.1953743491165
2.299438477,0.1179351807,2.389984131,9.426116943,9.725102235,14.2264053966589
2.303466797,0.1131591797,2.392379761,9.411758423,9.711718825,14.2610066268816
2.3074646,0.10597229,2.397171021,9.387817383,9.689621986,14.3234577374226
2.311462403,0.10597229,2.406738281,9.366256714,9.6711108,14.4099753247618
2.315460205,0.1035766602,2.416320801,9.339920044,9.647975993,14.5040517544478
2.319488526,0.1035766602,2.413925171,9.325561523,9.633476038,14.511644227068
2.323486328,0.10597229,2.423492432,9.301620483,9.612735787,14.6025640744691
2.327484131,0.09399414062,2.425888062,9.287261963,9.599323026,14.6382002923684
2.331481934,0.08442687988,2.437866211,9.263305664,9.579099717,14.7438691162351
2.335510254,0.07244873047,2.430679321,9.246551514,9.560970959,14.727924637725
2.339508057,0.07244873047,2.445053101,9.227401733,9.546123623,14.8405809485235
2.34350586,0.07244873047,2.44744873,9.196273804,9.516654138,14.9025223788769
2.347503662,0.08203125,2.44744873,9.186691284,9.507472386,14.9172484277418
2.351531983,0.07723999023,2.437866211,9.177124023,9.495723407,14.8763019209861
2.355529786,0.08682250977,2.445053101,9.162750244,9.483765858,14.9404264102378
2.359527588,0.09399414062,2.445053101,9.148391724,9.46996255,14.9627119441677
2.363525391,0.09638977051,2.437866211,9.143600464,9.463504218,14.9281252564667
2.367553711,0.09878540039,2.437866211,9.153182983,9.472787813,14.9131555140524
2.371551514,0.08682250977,2.44744873,9.169937134,9.491327119,14.9432143834479
2.375549317,0.08921813965,2.457015991,9.193878174,9.516947165,14.9616644947813
2.37954712,0.08442687988,2.476165771,9.217819214,9.544983808,15.0356875275298
2.38357544,0.07244873047,2.483352661,9.241760254,9.569870524,15.0402178175681
2.387573243,0.07484436035,2.480957031,9.272888184,9.599333557,14.9781677834365
2.391571045,0.08682250977,2.485748291,9.294433594,9.621485257,14.9724111022948
2.395568848,0.09161376953,2.492935181,9.323165894,9.651141962,14.9694918773662
2.399566651,0.09878540039,2.495330811,9.342315674,9.670330737,14.9537862322483
2.403594971,0.1011810303,2.500106812,9.361480713,9.690102828,14.9517911793091
2.407592774,0.10597229,2.509689331,9.375839233,9.706499472,14.9844931878988
2.411590577,0.1035766602,2.500106812,9.397384644,9.724818781,14.8971772191365
2.415588379,0.1035766602,2.492935181,9.404571533,9.729923929,14.8454862750011
2.4196167,0.1107635498,2.490539551,9.402175903,9.727073945,14.835337823732
2.423614502,0.1083679199,2.495330811,9.404571533,9.730590177,14.8590399551475
2.427612305,0.1131591797,2.49772644,9.406967163,9.733574553,14.8689688695889
2.431610108,0.1179351807,2.492935181,9.399780273,9.725456478,14.8524625737141
2.435638428,0.1179351807,2.485748291,9.402175903,9.725932603,14.8079216835465
2.439636231,0.1155548096,2.485748291,9.399780273,9.723588158,14.8115737133869
2.443634034,0.1083679199,2.464202881,9.392593384,9.711068423,14.6996469382066
2.447631836,0.09638977051,2.418716431,9.383026123,9.69023526,14.454049351276
2.451660157,0.09399414062,2.344497681,9.363876343,9.653376841,14.0558823740009
2.455657959,0.08442687988,2.287033081,9.363876343,9.63949316,13.724677258868
2.459655762,0.07484436035,2.246322632,9.375839233,9.641469202,13.4729052560471
2.463653565,0.07005310059,2.234359741,9.383026123,9.645644101,13.3939056342661
2.467681885,0.07484436035,2.253509521,9.390213013,9.657122101,13.4945033703638
2.471679688,0.08921813965,2.270263672,9.394989014,9.665809619,13.5842950477511
2.475677491,0.1011810303,2.289428711,9.404571533,9.679756564,13.6810721380933
2.479675293,0.09878540039,2.320556641,9.421325684,9.703407614,13.8362972982433
2.483703614,0.1011810303,2.351669312,9.430908203,9.720216854,14.0008263466358
2.487701416,0.1083679199,2.358856201,9.447662354,9.738288871,14.0178939774319
2.491699219,0.1011810303,2.363647461,9.445266724,9.737049368,14.0487755803152
2.495697022,0.1035766602,2.366043091,9.440490723,9.733023842,14.0692435776779
2.499725342,0.1035766602,2.378005981,9.428512573,9.724324651,14.1547700841197
2.503723145,0.1035766602,2.401947021,9.421325684,9.723243042,14.3019191304055
2.507720948,0.1011810303,2.418716431,9.406967163,9.713467866,14.4187285217154
2.51171875,0.1035766602,2.44744873,9.397384644,9.711414498,14.5969438019145
2.515747071,0.09878540039,2.478561401,9.397384644,9.719252199,14.7745123897054
2.519744873,0.1011810303,2.514480591,9.409362793,9.740069733,14.9608147468317
2.523742676,0.08682250977,2.526443481,9.409362793,9.743026377,15.0289979610163
2.527740479,0.08442687988,2.545608521,9.414154053,9.752617452,15.1304741270354
2.531768799,0.08442687988,2.569549561,9.409362793,9.754271937,15.2735725937568
2.535766602,0.07723999023,2.57194519,9.402175903,9.747911561,15.2983792930924
2.539764405,0.07005310059,2.569549561,9.402175903,9.747225456,15.2848836949036
2.543762207,0.07244873047,2.564758301,9.380630493,9.725197294,15.2910876358333
2.547790528,0.07963562012,2.579116821,9.342315674,9.692112647,15.4326051509322
2.55178833,0.06048583984,2.569549561,9.308807373,9.657128879,15.4310177116687
2.555786133,0.04132080078,2.557571411,9.270492554,9.616907565,15.4231305059859
2.559783936,0.02696228027,2.552780151,9.236984253,9.583281878,15.4488789667049
2.563812256,0.01977539062,2.540817261,9.210647583,9.554693732,15.4218324320503
2.567810059,0.01977539062,2.533630371,9.208251953,9.550475274,15.384090685153
2.571807862,0.01737976074,2.538421631,9.213027954,9.556347132,15.4041989486001
2.575805664,0.01977539062,2.528839111,9.215423584,9.556121083,15.3449858425254
2.579833985,0.01499938965,2.514480591,9.225006104,9.561567614,15.2468314747774
2.583831787,0.02456665039,2.507293701,9.222610474,9.557388198,15.209007572284
2.58782959,0.0365447998,2.507293701,9.217819214,9.552803164,15.2164839621467
2.591827393,0.03414916992,2.495330811,9.222610474,9.554286262,15.1397323815569
2.595855713,0.04132080078,2.492935181,9.217819214,9.549064053,15.1333193911614
2.599853516,0.04850769043,2.49772644,9.213027954,9.545725454,15.1685332312133
2.603851319,0.06048583984,2.507293701,9.213027954,9.548301646,15.2238314127498
2.607849121,0.05809020996,2.509689331,9.215423584,9.551227505,15.233948678213
2.611877442,0.06048583984,2.514480591,9.210647583,9.54789506,15.2691964704246
2.615875245,0.05569458008,2.514480591,9.193878174,9.531689798,15.2957905569095
2.619873047,0.04132080078,2.509689331,9.186691284,9.523420851,15.2795126421867
2.62387085,0.04611206055,2.512084961,9.177124023,9.514846426,15.3085743920408
2.62789917,0.0532989502,2.528839111,9.162750244,9.505464747,15.4287918721942
2.631896973,0.05569458008,2.552780151,9.143600464,9.493430246,15.5988006166083
2.635894776,0.06288146973,2.57194519,9.129241943,9.484825491,15.7335557377032
2.639892578,0.06527709961,2.57194519,9.122055054,9.477924433,15.7453088874854
2.643920899,0.07963562012,2.581512451,9.124450684,9.482939874,15.7968305190304
2.647918702,0.08682250977,2.588699341,9.126846313,9.487266522,15.8345484837608
2.651916504,0.08682250977,2.59588623,9.129241943,9.491534224,15.8723402619522
2.655914307,0.07963562012,2.586303711,9.141204834,9.500364968,15.7971293491744
2.659942627,0.07484436035,2.567153931,9.157974243,9.511276109,15.6586949131506
2.66394043,0.07005310059,2.579116821,9.172332764,9.52829677,15.7047188891832
2.667938233,0.08682250977,2.610244751,9.174728394,9.539211545,15.8805769253674
2.671936036,0.09161376953,2.631790161,9.148391724,9.519862586,16.0485945807376
2.675964356,0.08921813965,2.6509552,9.122055054,9.499863775,16.2036283237806
2.679962159,0.08921813965,2.67729187,9.083740234,9.470490393,16.4213160233132
2.683959961,0.09399414062,2.708404541,9.059799194,9.456439684,16.6430587686511
2.687988282,0.08682250977,2.710800171,9.052627563,9.45018738,16.6695518674173
2.691986084,0.0676574707,2.691650391,9.066986084,9.458318878,16.5337574764228
2.695983887,0.05090332031,2.67489624,9.074172974,9.460352858,16.4242850865716
2.69998169,0.03894042969,2.660522461,9.098114014,9.479218044,16.3001355805702
2.703979493,0.0365447998,2.64855957,9.126846313,9.503448161,16.1823090906835
2.708007813,0.04611206055,2.631790161,9.155578613,9.526440338,16.0372145940934
2.712005616,0.05569458008,2.610244751,9.184310913,9.548195981,15.8652397939235
2.716003418,0.07244873047,2.615036011,9.217819214,9.581850198,15.8378335733805
2.720001221,0.07005310059,2.617431641,9.260925293,9.623959326,15.7815481952239
2.724029541,0.09399414062,2.636581421,9.306411743,9.673143027,15.8170869389467
2.728027344,0.1227264404,2.682067871,9.344711304,9.722766026,16.012937792832
2.732025147,0.1418914795,2.70362854,9.404571533,9.786506333,16.0371665756825
2.73602295,0.1634368896,2.72038269,9.452453613,9.837483058,16.0533553661406
2.74005127,0.1730041504,2.72756958,9.495544434,9.88103893,16.0240467668128
2.744049073,0.18019104,2.737136841,9.548217773,9.93442749,15.9930254300326
2.748046875,0.1873779297,2.761077881,9.588928223,9.980290878,16.0605492188529
2.752044678,0.1825866699,2.77545166,9.627227783,10.02097723,16.0791002486688
2.756072998,0.1706085205,2.7706604,9.634414673,10.02634592,16.0417662358684
2.760070801,0.1586456299,2.761077881,9.636810303,10.02580831,15.985676236752
2.764068604,0.1586456299,2.75390625,9.605682373,9.993913244,15.9952909712261
2.768066407,0.1490631104,2.74911499,9.545822144,9.934916881,16.0640898250708
2.772094727,0.1275177002,2.74432373,9.466827393,9.857403024,16.1648724403897
2.77609253,0.1131591797,2.756286621,9.349502563,9.747980259,16.424679084008
2.780090332,0.09399414062,2.75390625,9.102905273,9.51082115,16.8313191207729
2.784088135,0.05569458008,2.734741211,8.772506714,9.189057918,17.3140170913599
2.788116455,0.04371643066,2.70123291,8.542663574,8.959669151,17.5469989761223
2.792114258,0.01499938965,2.67729187,8.530685425,8.940956915,17.424050132201
2.796112061,0.01020812988,2.67489624,8.734191895,9.134619979,17.0274960829458
2.800109864,0.0078125,2.667709351,8.985580444,9.373227306,16.5355067586294
2.804138184,0.02217102051,2.660522461,9.129241943,9.50904463,16.247589213991
2.808135987,0.05090332031,2.65335083,9.215423584,9.589937101,16.0621999682932
2.812133789,0.08921813965,2.67729187,9.315979004,9.69346772,16.0332690200357
2.816131592,0.1275177002,2.717987061,9.459640503,9.843196273,16.029276916088
2.820159912,0.15625,2.737136841,9.588928223,9.973157805,15.9292624373651
2.824157715,0.1777954102,2.7706604,9.706237793,10.09550506,15.9289396611481
2.828155518,0.18019104,2.79699707,9.775665283,10.16952768,15.9642231566264
2.832153321,0.1753997803,2.80178833,9.825942993,10.21909676,15.9126659676941
2.836181641,0.1682281494,2.79699707,9.854675293,10.24529738,15.8430421508591
2.840179444,0.1682281494,2.80418396,9.847503662,10.24036507,15.8926788677307
2.844177246,0.1538543701,2.82093811,9.624832153,10.03089014,16.3333362768302
2.848175049,0.1227264404,2.837692261,9.251342773,9.677546293,17.0510923711203
2.85220337,0.08442687988,2.84727478,8.865875244,9.312241697,17.803658963058
2.856201172,0.06288146973,2.84487915,8.650390625,9.106401563,18.2041856198348
2.860198975,0.04850769043,2.840087891,8.657577515,9.111646429,18.1616288796716
2.864196778,0.04850769043,2.82572937,8.829956055,9.271203989,17.7452649063928
2.868225098,0.06527709961,2.813751221,9.071777344,9.498347288,17.2316606524922
2.872222901,0.08682250977,2.7993927,9.337539673,9.748527313,16.6880398624443
2.876220703,0.1083679199,2.78024292,9.555404663,9.952248619,16.2219077796502
2.880218506,0.1275177002,2.765869141,9.684692383,10.07271361,15.9375983770448
2.884246827,0.1394958496,2.765869141,9.703842163,10.09128554,15.9074885055705
2.888244629,0.1442718506,2.761077881,9.620056152,10.00948779,16.0124408171738
2.892242432,0.1394958496,2.74911499,9.462036133,9.854299574,16.1991102785691
2.896240235,0.1275177002,2.74671936,9.268096924,9.66738582,16.5063880848427
2.900268555,0.08921813965,2.74432373,9.107696533,9.512592115,16.7678027588244
2.904266358,0.0676574707,2.74911499,9.035858154,9.445048615,16.9216755092595
2.908264161,0.05809020996,2.74671936,9.043045044,9.451164234,16.895217610101
2.912261963,0.05569458008,2.739532471,9.145996094,9.547637645,16.6744289863687
2.916290284,0.0676574707,2.737136841,9.294433594,9.68932358,16.4088709656159
2.920288086,0.07963562012,2.74432373,9.442871094,9.833893891,16.2045796049836
2.924285889,0.1035766602,2.785018921,9.557800293,9.95583271,16.2445335320171
2.928283692,0.1251220703,2.80418396,9.610473633,10.01200812,16.2651029612239
2.932281495,0.13230896,2.813751221,9.603286743,10.00788778,16.3290525630343
2.936309815,0.1442718506,2.83052063,9.553009033,9.964569383,16.5025788172509
2.940307618,0.13230896,2.82093811,9.481185913,9.892829919,16.5678008661402
2.94430542,0.1251220703,2.811355591,9.402175903,9.814289965,16.6458598234162
2.948303223,0.1131591797,2.811355591,9.323165894,9.738477681,16.7792646905492
2.952331543,0.1035766602,2.80657959,9.265701294,9.681985209,16.8505599581775
2.956329346,0.09161376953,2.792205811,9.234588623,9.647923787,16.8226380498197
2.960327149,0.08921813965,2.7706604,9.225006104,9.632510397,16.716502202949
2.964324952,0.09161376953,2.758682251,9.225006104,9.629094374,16.6482007288646
2.968353272,0.08682250977,2.732345581,9.213027954,9.610053829,16.5182997677679
2.972351075,0.09638977051,2.72038269,9.193878174,9.588387187,16.4821368862232
2.976348877,0.1035766602,2.72277832,9.169937134,9.566190305,16.5364431190338
2.98034668,0.09399414062,2.710800171,9.138809204,9.532843549,16.5208521682623
2.984375,0.1011810303,2.708404541,9.112472534,9.506989452,16.5520113947044
2.988372803,0.1011810303,2.715591431,9.100509644,9.497576017,16.614129374843
2.992370606,0.10597229,2.717987061,9.090927124,9.489132719,16.644438653375
2.996398926,0.09638977051,2.717987061,9.095718384,9.493620888,16.6363409755792
3.000396729,0.09399414062,2.72277832,9.110076904,9.508725355,16.6392773125902
3.004394532,0.09161376953,2.72756958,9.143600464,9.542193581,16.609247461154
3.008392334,0.07963562012,2.741928101,9.179519653,9.580610242,16.6303261310577
3.012390137,0.07484436035,2.72038269,9.210647583,9.604275744,16.4540942769879
3.016418457,0.09161376953,2.708404541,9.239364624,9.628588001,16.3370809457397
3.02041626,0.1011810303,2.70362854,9.260925293,9.648035145,16.2736826855981
3.024414063,0.1083679199,2.69883728,9.272888184,9.658256651,16.226377489978
3.028411866,0.1155548096,2.70362854,9.268096924,9.655080569,16.2614779872112
3.032440186,0.1131591797,2.706008911,9.244155884,9.632741418,16.31499188696
3.036437989,0.1179351807,2.694046021,9.210647583,9.597281988,16.3025407090899
3.040435791,0.1035766602,2.689254761,9.172332764,9.559001392,16.3397298457908
3.044433594,0.09399414062,2.67489624,9.122055054,9.506618389,16.3421070942865
3.048461914,0.08921813965,2.660522461,9.078964233,9.461180222,16.3320809885496
3.052459717,0.08921813965,2.660522461,9.050231934,9.433612123,16.3811509398006
3.05645752,0.09638977051,2.641372681,9.043045044,9.421401398,16.2816194821161
3.060455323,0.1011810303,2.658126831,9.066986084,9.449132897,16.338349911227
3.064483643,0.1035766602,2.667709351,9.105300903,9.488619807,16.328750936065
3.068481446,0.1035766602,2.662918091,9.153182983,9.533237625,16.2202137423597
3.072479248,0.09638977051,2.662918091,9.201065063,9.579145163,16.1403499670637
3.076477051,0.09399414062,2.667709351,9.248947144,9.626449571,16.0885634996015
3.080505371,0.09878540039,2.662918091,9.289642334,9.664281971,15.994331888779
3.084503174,0.1035766602,2.658126831,9.315979004,9.688334799,15.9240950451114
3.088500977,0.1131591797,2.64616394,9.335144043,9.703602573,15.8249439016217
3.09249878,0.1083679199,2.636581421,9.339920044,9.705535102,15.762921706394
3.0965271,0.09399414062,2.612640381,9.315979004,9.675856007,15.6652462861295
3.100524903,0.08921813965,2.59588623,9.280075073,9.636720322,15.6270463422506
3.104522705,0.07963562012,2.615036011,9.229797363,9.593430801,15.8182137613899
3.108520508,0.0676574707,2.629394531,9.177124023,9.546617122,15.9874523011572
3.112548828,0.07244873047,2.631790161,9.129241943,9.501296055,16.0808045594991
3.116546631,0.08921813965,2.634185791,9.102905273,9.476802154,16.1385760535053
3.120544434,0.09638977051,2.641372681,9.102905273,9.478872562,16.1801829914302
3.124542237,0.08682250977,2.658126831,9.122055054,9.501845337,16.2451940437524
3.128570557,0.09161376953,2.658126831,9.155578613,9.534078407,16.1887592842217
3.13256836,0.1131591797,2.667709351,9.191482544,9.571459112,16.1835276382784
3.136566162,0.1514587402,2.69644165,9.232192993,9.619102078,16.2793970333684
3.140563965,0.1825866699,2.763473511,9.277679443,9.682223897,16.5837899509997
3.144592286,0.18019104,2.82572937,9.292037964,9.713865595,16.9116349670773
3.148590088,0.1658325195,2.86882019,9.277679443,9.712515923,17.1799376841148
3.152587891,0.1610412598,2.864028931,9.239364624,9.674422704,17.2199903711485
3.156585694,0.1825866699,2.861633301,9.222610474,9.658096447,17.235130559341
3.160614014,0.1921691895,2.909515381,9.210647583,9.66117165,17.5270208499731
3.164611817,0.1706085205,2.92868042,9.191482544,9.648296618,17.6705756220574
3.16860962,0.1275177002,2.96697998,9.177124023,9.64566412,17.9144905167779
3.172607422,0.1131591797,2.98374939,9.165145874,9.639266793,18.031578127979
3.176635743,0.1155548096,2.95022583,9.165145874,9.62897109,17.8418428077394
3.180633545,0.1275177002,2.9190979,9.167541504,9.62191304,17.6607393564699
3.184631348,0.13230896,2.866424561,9.167541504,9.606128911,17.361251857972
3.188629151,0.1035766602,2.864028931,9.208251953,9.643925232,17.276155664423
3.192657471,0.1035766602,2.828125,9.244155884,9.667648998,17.0097795476562
3.196655274,0.1107635498,2.811355591,9.280075073,9.697204865,16.8528082627343
3.200653077,0.1299133301,2.864028931,9.287261963,9.71971059,17.1372678663066
3.204650879,0.1394958496,2.88079834,9.265701294,9.704209326,17.269146478624
3.2086792,0.1418914795,2.859237671,9.260925293,9.693302354,17.1557648985074
3.212677002,0.13230896,2.82333374,9.304016113,9.723859054,16.8789805269608
3.216674805,0.1586456299,2.811355591,9.354293823,9.768915069,16.7254448234228
3.220672608,0.1586456299,2.792205811,9.392593384,9.80012205,16.5537924189964
3.224700928,0.1418914795,2.80418396,9.421325684,9.830816777,16.5734491400417
3.228698731,0.1347045898,2.763473511,9.426116943,9.823777878,16.3380803429067
3.232696534,0.1203308105,2.763473511,9.414154053,9.812113018,16.3580485901164
3.236694336,0.1347045898,2.74911499,9.375839233,9.771496297,16.3402099559766
3.240722657,0.1347045898,2.732345581,9.337539673,9.730031081,16.3088948193688
3.244720459,0.1514587402,2.74911499,9.308807373,9.707443932,16.4510800278539
3.248718262,0.1634368896,2.7706604,9.306411743,9.711465914,16.5766536648059
3.252716065,0.1658325195,2.77545166,9.294433594,9.701398259,16.6238824367485
3.256744385,0.1730041504,2.75151062,9.275283813,9.676343883,16.5202597497245
3.260742188,0.1753997803,2.710800171,9.265701294,9.655693819,16.3047503827466
3.264739991,0.1706085205,2.682067871,9.308807373,9.688988081,16.070271007538
3.268737793,0.1347045898,2.691650391,9.397384644,9.776193804,15.9815038731303
3.272766114,0.1131591797,2.70123291,9.457244873,9.836104149,15.9396242968002
3.276763916,0.1035766602,2.708404541,9.507522583,9.886312202,15.8997479590827
3.280761719,0.1083679199,2.708404541,9.533859253,9.91169365,15.8579585246618
3.284759522,0.1203308105,2.70123291,9.569763184,9.944420854,15.7614632361958
3.288787842,0.1203308105,2.69883728,9.584136963,9.957604305,15.7257331308715
3.292785645,0.1011810303,2.706008911,9.576950073,9.952421541,15.7770331804249
3.296783448,0.07723999023,2.717987061,9.493148804,9.874881968,15.9764652557771
3.30078125,0.02696228027,2.708404541,9.205856323,9.596039431,16.3940548485547
3.304809571,-0.05923461914,2.739532471,8.640823364,9.064897976,17.5905859328517
3.308807373,-0.1286621094,2.78024292,8.087753296,8.553248389,18.9686717621976
3.312805176,-0.1310577393,2.787414551,7.714263916,8.203458038,19.8637946774154
3.316802979,-0.09274291992,2.77545166,7.711868286,8.196624039,19.7921568415075
3.320831299,-0.0209197998,2.758682251,8.161987305,8.615613859,18.6747585790815
3.324829102,0.02696228027,2.74911499,8.715042114,9.138398068,17.5075319994937
3.328826905,0.0532989502,2.787414551,9.095718384,9.513391276,17.0375900165287
3.332824707,0.1155548096,2.82572937,9.318374634,9.73808016,16.8683223889946
3.336853028,0.15625,2.890365601,9.493148804,9.924641131,16.9316832956616
3.34085083,0.1777954102,2.93107605,9.739761353,10.17279555,16.7459671015253
3.344848633,0.2113189697,2.95741272,9.945663452,10.37820636,16.5566824423666
3.348846436,0.2161102295,2.988525391,9.936080933,10.37803893,16.7362400145409
3.352874756,0.1849822998,2.988525391,9.881011963,10.32472275,16.8252305779487
3.356872559,0.1538543701,2.99810791,9.751724243,10.20335474,17.0877223955313
3.360870362,0.09399414062,3.03163147,9.332748413,9.813247027,17.994913036361
3.364868164,0.01260375977,3.07232666,8.817993164,9.337898768,19.2091171981067
3.368865967,-0.006561279297,3.12260437,8.454071045,9.012325912,20.2722594436516
3.372894287,-0.01373291016,3.17048645,8.399002075,8.977494572,20.6806793572702
3.37689209,0.01260375977,3.14894104,8.602508545,9.160739151,20.1050898975792
3.380889893,0.07005310059,3.07951355,8.954467773,9.469466946,18.9779668498079
3.384887696,0.1011810303,3.00289917,9.318374634,9.790799091,17.8608448431042
3.388916016,0.1227264404,2.95262146,9.569763184,10.01565787,17.1455779251551
3.392913819,0.1299133301,2.90713501,9.682296753,10.11015241,16.7111021689228
3.396911621,0.1299133301,2.859237671,9.634414673,10.05057529,16.52806560111
3.400909424,0.1227264404,2.80178833,9.418930054,9.827579711,16.5644937732771
3.404937745,0.09878540039,2.785018921,9.093322754,9.510762727,17.027348491998
3.408935547,0.07484436035,2.813751221,8.803619385,9.242646368,17.7239552516348
3.41293335,0.0532989502,2.8568573,8.645614624,9.105554713,18.2852993968937
3.416931153,0.02935791016,2.88079834,8.638427734,9.106167947,18.4427432612498
3.420959473,0.01737976074,2.89515686,8.762924194,9.228817678,18.2828536640305
3.424957276,0.05809020996,2.95980835,8.966430664,9.442495369,18.2676387850736
3.428955078,0.1131591797,3.00769043,9.196273804,9.676283305,18.1093275916086
3.432952881,0.1682281494,3.036422729,9.392593384,9.87263765,17.9122113187412
3.436981202,0.1897735596,3.04598999,9.529067993,10.00585858,17.7233123385119
3.440979004,0.2017364502,3.04838562,9.584136963,10.05927601,17.6404195906341
3.444976807,0.2017364502,3.02923584,9.596099854,10.06489442,17.5159001306007
3.44897461,0.1897735596,3.02684021,9.572158813,10.04111548,17.544390849683
3.45300293,0.1706085205,3.00050354,9.493148804,9.957509878,17.5375462998633
3.457000733,0.1538543701,2.99810791,9.378234863,9.847010275,17.7262116084287
3.460998536,0.1466674805,3.01008606,9.308807373,9.784478736,17.916995782252
3.464996338,0.1466674805,3.02923584,9.280075073,9.76307198,18.0757959038686
3.469024659,0.1586456299,3.04598999,9.296829224,9.784388436,18.1382690171595
3.473022461,0.15625,3.0675354,9.325561523,9.818364692,18.2056347430256
3.477020264,0.1490631104,3.11541748,9.349502563,9.856025775,18.4267897470789
3.481018067,0.1299133301,3.110641479,9.335144043,9.840624075,18.4273565832246
3.485046387,0.1442718506,3.0675354,9.292037964,9.786345453,18.2673004458852
3.48904419,0.1490631104,3.02923584,9.236984253,9.722158591,18.1545095915655
3.493041993,0.1418914795,2.99571228,9.220214844,9.695709723,17.9973481154143
3.497039795,0.1347045898,3.00769043,9.205856323,9.685666611,18.0911759946194
3.501068116,0.1251220703,3.02684021,9.186691284,9.67329902,18.2344901857927
3.505065918,0.1275177002,3.036422729,9.157974243,9.649073323,18.3418241731873
3.509063721,0.1610412598,3.014862061,9.117263794,9.604156737,18.2951573626396
3.513061524,0.1514587402,3.02204895,9.098114014,9.588086264,18.3721586179438
3.517089844,0.1442718506,3.036422729,9.138809204,9.631122003,18.3772326615766
3.521087647,0.1394958496,3.00289917,9.169937134,9.650109303,18.1302206950312
3.52508545,0.1131591797,2.96697998,9.160369873,9.629545753,17.9454962458346
3.529083252,0.1035766602,2.9190979,9.174728394,9.628473491,17.6483103124058
3.533111573,0.09638977051,2.88079834,9.186691284,9.628270188,17.4096837197354
3.537109375,0.09161376953,2.84727478,9.177124023,9.609108809,17.2361057710217
3.541107178,0.09399414062,2.79460144,9.131637573,9.550153762,17.0150992784499
3.545104981,0.08442687988,2.734741211,9.100509644,9.502905512,16.7250633601827
3.549133301,0.07484436035,2.67489624,9.114868164,9.499552264,16.3546040983853
3.553131104,0.09638977051,2.65335083,9.184310913,9.560393745,16.1131841118714
3.557128907,0.1251220703,2.686859131,9.258529663,9.641329734,16.1815214518209
3.561126709,0.1442718506,2.72996521,9.292037964,9.685839867,16.3707188852401
3.56515503,0.1442718506,2.75151062,9.308807373,9.708013173,16.4648307780413
3.569152832,0.1658325195,2.81854248,9.418930054,9.833001856,16.6569700923644
3.573150635,0.1849822998,2.840087891,9.557800293,9.972555546,16.5463190472094
3.577148438,0.2352600098,2.85446167,9.660751343,10.07637907,16.4562115711792
3.581176758,0.2424468994,2.842483521,9.696670532,10.10761656,16.3331473473097
3.585174561,0.23046875,2.85446167,9.691879272,10.10611652,16.4064182725987
3.589172364,0.2137145996,2.81854248,9.459640503,9.872925306,16.5876622985506
3.593170166,0.1610412598,2.785018921,9.167541504,9.58259265,16.8958645476228
3.597198487,0.1347045898,2.77305603,8.954467773,9.37499217,17.2050886257419
3.601196289,0.1251220703,2.7706604,8.911361694,9.332983544,17.2695605257668
3.605194092,0.1179351807,2.816146851,9.011917114,9.442417162,17.3521806270424
3.609191895,0.1107635498,2.8568573,9.217819214,9.651015141,17.2184861033895
3.613220215,0.1610412598,2.89755249,9.411758423,9.849007124,17.1094174374728
3.617218018,0.1873779297,2.89755249,9.445266724,9.881497073,17.051437421602
3.621215821,0.1897735596,2.935852051,9.349502563,9.801450885,17.4295198140316
3.625213623,0.1873779297,2.95262146,9.265701294,9.726577221,17.6716850447901
3.629241944,0.1849822998,2.938247681,9.248947144,9.706211472,17.6209429443698
3.633239746,0.1825866699,2.89515686,9.203460693,9.649816572,17.458921963198
3.637237549,0.1586456299,2.89755249,9.198669434,9.64554292,17.4818251595463
3.641235352,0.1586456299,2.90473938,9.236984253,9.684242737,17.4542947174634
3.645263672,0.1634368896,2.93107605,9.284866333,9.737898195,17.5174821759065
3.649261475,0.1897735596,2.97177124,9.325561523,9.789460457,17.6720585502656
3.653259278,0.1969451904,3.00050354,9.409362793,9.878153525,17.6830644213667
3.65725708,0.2017364502,2.99331665,9.450057983,9.914849371,17.5719005318241
3.661285401,0.1921691895,2.99331665,9.473999023,9.937481123,17.5305830178579
3.665283203,0.1849822998,2.9765625,9.541046143,9.996284523,17.3235262958112
3.669281006,0.1945495605,2.92868042,9.541046143,9.982313361,17.060836706011
3.673278809,0.1538543701,2.84727478,9.483581543,9.902977518,16.7093630558835
3.677276612,0.1107635498,2.782623291,9.447662354,9.849547446,16.4102342566603
3.681304932,0.09161376953,2.7706604,9.411758423,9.811531417,16.4027899892324
3.685302735,0.08442687988,2.77784729,9.294433594,9.701033929,16.6392916356802
3.689300537,0.1011810303,2.82572937,9.126846313,9.554805477,17.2018610567336
3.69329834,0.1155548096,2.859237671,9.031082153,9.473596879,17.5664206997877
3.697326661,0.1083679199,2.85206604,8.973617554,9.416572429,17.6305027225799
3.701324463,0.07963562012,2.811355591,8.937698364,9.36976596,17.4603326375501
3.705322266,0.04371643066,2.763473511,8.916152954,9.334692307,17.2201112914107
3.709320069,0.0365447998,2.75151062,8.973617554,9.386051258,17.0465705722086
3.713348389,0.02696228027,2.72038269,9.019104004,9.420480135,16.7845266972997
3.717346192,0.02217102051,2.715591431,9.038253784,9.437423369,16.7231275840722
3.721343995,-0.02571105957,2.79699707,8.901794434,9.330905519,17.4429623836274
3.725341797,-0.05204772949,2.861633301,8.564208984,9.029802304,18.4761483136745
3.729370118,-0.05204772949,2.89755249,8.178741455,8.677000126,19.5077780214921
3.73336792,-0.02331542969,2.90713501,7.944107056,8.459362534,20.09994998211
3.737365723,0.005416870117,2.9190979,8.109313965,8.618708423,19.7972764926531
3.741363526,0.06288146973,2.940643311,8.655181885,9.141307927,18.7650006405019
3.745391846,0.1131591797,2.990921021,9.311203003,9.780435313,17.8066934761667
3.749389649,0.1777954102,3.014862061,9.742156982,10.19954053,17.1928013747107
3.753387452,0.1873779297,3.125,10.04142761,10.5181274,17.2838724930284
3.757385254,0.2185058594,3.086700439,10.23297119,10.69061101,16.7819400481929
3.761413575,0.2639923096,3.03163147,10.35507202,10.79296057,16.3133120270942
3.765411377,0.2568054199,3.04838562,10.3742218,10.81587176,16.3702750357197
3.76940918,0.20652771,3.038803101,10.05818176,10.50923396,16.8074055215468
3.773406983,0.2017364502,3.06993103,9.473999023,9.961015592,17.9504612159468
3.777435303,0.1658325195,3.04359436,8.925735474,9.431846097,18.8258879426556
3.781433106,0.1131591797,3.00769043,8.592941284,9.104814476,19.2894535108734
3.785430909,0.07244873047,2.988525391,8.466049194,8.978336248,19.4424336313676
3.789428711,0.06527709961,3.014862061,8.573776245,9.088635401,19.3730716354734
3.793426514,0.1035766602,3.08190918,8.885025024,9.404922222,19.1286936065737
3.797454834,0.1203308105,3.11541748,9.275283813,9.785253977,18.5649102575508
3.801452637,0.1921691895,3.13218689,9.557800293,10.05977486,18.141062034297
3.80545044,0.2208862305,3.10105896,9.648773193,10.13726697,17.8127278443811
3.809448243,0.2280731201,3.06036377,9.603286743,10.08171414,17.6713042363361
3.813476563,0.2017364502,3.012466431,9.483581543,9.95258612,17.6187481583142
3.817474366,0.15625,2.986129761,9.323165894,9.790955382,17.757477972465
3.821472168,0.1275177002,2.94543457,9.134033203,9.59804189,17.8712264611319
3.825469971,0.1155548096,2.92149353,8.985580444,9.44929274,18.0095730617382
3.829498291,0.09638977051,2.911911011,8.877853394,9.343703634,18.1583453709364
3.833496094,0.08921813965,2.861633301,8.817993164,9.271133073,17.9785292854229
3.837493897,0.08921813965,2.861633301,8.779678345,9.234698526,18.0519004899064
3.8414917,0.08442687988,2.89994812,8.698287964,9.169353331,18.437214638386
3.84552002,0.05569458008,2.92388916,8.600112915,9.083731164,18.7767758871158
3.849517823,0.02217102051,2.962188721,8.588150024,9.084678003,19.0300647299039
3.853515625,0.01499938965,2.964584351,8.671951294,9.164699919,18.8734272269878
3.857513428,0.03894042969,2.97177124,8.868270874,9.353029935,18.5259137756957
3.861541748,0.1035766602,3.01008606,9.086135864,9.572314827,18.3280658603721
3.865539551,0.1514587402,3.00769043,9.244155884,9.722322741,18.0206199162871
3.869537354,0.1466674805,3.00050354,9.306411743,9.779255206,17.8678928291959
3.873535157,0.1394958496,2.98135376,9.380630493,9.843990948,17.6294788628592
3.877563477,0.1035766602,2.95741272,9.411758423,9.866013112,17.4430464785285
3.88156128,0.06527709961,2.940643311,9.426116943,9.874377186,17.3258407563958
3.885559082,0.05090332031,2.92628479,9.409362793,9.854026689,17.2753059267037
3.889556885,0.06048583984,2.887969971,9.344711304,9.780984533,17.1733524125799
3.893585205,0.05809020996,2.89515686,9.184310913,9.629998685,17.4960099689639
3.897583008,0.07244873047,2.92388916,8.880233765,9.349488133,18.2239833685268
3.901580811,0.1035766602,2.97177124,8.631240845,9.129100227,18.9975236339506
3.905578614,0.1179351807,3.04119873,8.473220825,9.003236617,19.742255123768
3.909576416,0.1873779297,3.09866333,8.442108154,8.994777096,20.1510232745685
3.913604737,0.1753997803,3.136978149,8.442108154,9.007807007,20.380378100547
3.917602539,0.1658325195,3.15133667,8.504348755,9.070963068,20.3289362102213
3.921600342,0.1634368896,3.125,8.624053955,9.174238019,19.9151242360085
3.925598145,0.15625,3.07472229,8.897003174,9.414616121,19.0619506181281
3.929626465,0.1538543701,3.036422729,9.086135864,9.581304666,18.4762296261773
3.933624268,0.1538543701,2.990921021,9.198669434,9.673923665,18.0094299695378
3.937622071,0.1610412598,2.96697998,9.354293823,9.814872257,17.5954565922213
3.941619873,0.18019104,2.962188721,9.514709473,9.966781184,17.2898753877446
3.945648194,0.1969451904,2.92388916,9.615264893,10.05192689,16.9105563279102
3.949645996,0.1753997803,2.88079834,9.670333862,10.09183438,16.5862480094371
3.953643799,0.1610412598,2.84727478,9.684692383,10.09584937,16.3810580561628
3.957641602,0.1634368896,2.83052063,9.651168823,10.05900683,16.3432809014432
3.961669922,0.1658325195,2.816146851,9.579345703,9.98609271,16.3800181758193
3.965667725,0.1610412598,2.813751221,9.512313843,9.921050593,16.4760328247938
3.969665528,0.1969451904,2.80657959,9.452453613,9.862279438,16.5335757773182
3.97366333,0.2496185303,2.787414551,9.390213013,9.798371789,16.5276080555607
3.977691651,0.2568054199,2.785018921,9.330352783,9.740521674,16.6139042756359
3.981689453,0.2352600098,2.811355591,9.320770264,9.738368746,16.7794579418659
3.985687256,0.2256774902,2.859237671,9.371047974,9.80013829,16.9630443178272
3.989685059,0.2208862305,2.87361145,9.397384644,9.829408509,16.9986012907155
3.993713379,0.2113189697,2.90234375,9.409362793,9.849079303,17.1384536304142
3.997711182,0.1897735596,2.911911011,9.330352783,9.776027966,17.3292581883927
4.001708985,0.1706085205,2.89276123,9.217819214,9.66257553,17.4202400801511
4.005706787,0.1514587402,2.87600708,9.074172974,9.520240104,17.583415007723
4.00970459,0.1131591797,2.864028931,8.906570435,9.356412968,17.8245536795084
4.013732911,0.1035766602,2.861633301,8.758132935,9.214367356,18.0931086635541
4.017730713,0.08921813965,2.85206604,8.671951294,9.129347174,18.204308385698
4.021728516,0.1011810303,2.828125,8.645614624,9.09698746,18.1126261541944
4.025726319,0.09161376953,2.80178833,8.681518555,9.122892926,17.8855257649017
4.029754639,0.07005310059,2.78024292,8.753341675,9.184533119,17.6203984672496
4.033752442,0.06048583984,2.782623291,8.971221924,9.393054547,17.2320665595051
4.037750245,0.02935791016,2.811355591,9.280075073,9.696616704,16.8538610308462
4.041748047,0.02456665039,2.80178833,9.512313843,9.916387246,16.4119324581377
4.045776368,0.04371643066,2.80418396,9.636810303,10.03660658,16.2241369933816
4.04977417,0.04611206055,2.828125,9.725387573,10.12835529,16.2141619109171
4.053771973,0.07005310059,2.89276123,9.854675293,10.27071566,16.3587889295376
4.057769776,0.1371002197,3.00050354,10.00550842,10.44662705,16.6917279794038
4.061798096,0.2161102295,3.04838562,10.08691406,10.5396961,16.8118022072776
4.065795899,0.2615966797,3.04838562,10.12522888,10.57739796,16.7501074889673
4.069793702,0.2639923096,3.08190918,10.15873718,10.6192183,16.8711255625093
4.073791504,0.1825866699,3.12020874,9.794830322,10.28142702,17.666747837734
4.077819825,0.07723999023,3.14894104,9.069381714,9.600806235,19.146648922242
4.081817627,-0.02571105957,3.160919189,8.329574585,8.909202206,20.7807350525647
4.08581543,-0.07359313965,3.19921875,7.860305786,8.486743994,22.1459109560982
4.089813233,-0.08317565918,3.15133667,7.752578735,8.369009383,22.120042662902
4.093841553,-0.04246520996,3.089080811,8.039871216,8.612999055,21.0175155550837
4.097839356,0.02696228027,3.02444458,8.638427734,9.152618516,19.2958375036128
4.101837159,0.0676574707,2.962188721,9.311203003,9.771266085,17.6470789919864
4.105834961,0.1107635498,2.95262146,9.816375732,10.2514133,16.7395082576432
4.109863282,0.1825866699,2.962188721,10.08930969,10.51675187,16.359533030627
4.113861084,0.2496185303,2.9765625,10.26168823,10.68758528,16.1710911349553
4.117858887,0.2831420898,2.98135376,10.25930786,10.68747105,16.1980147542322
4.12185669,0.2472229004,2.96937561,9.943267822,10.38011973,16.6224424162211
4.12588501,0.1706085205,2.92149353,9.485977173,9.927134261,17.1151921385659
4.129882813,0.1227264404,2.90473938,9.098114014,9.551348138,17.7051242109962
4.133880616,0.10597229,2.916702271,8.911361694,9.37713973,18.1221530284756
4.137878418,0.07244873047,2.90473938,8.817993164,9.284382754,18.2318501564037
4.141906739,0.0532989502,2.90473938,8.822784424,9.288803832,18.222867545462
4.145904541,0.0676574707,2.916702271,8.918548584,9.383615429,18.1092128463457
4.149902344,0.1011810303,2.89515686,9.050231934,9.502571699,17.7383642218881
4.153900147,0.1730041504,2.88079834,9.287261963,9.725336204,17.2304569764596
4.157928467,0.2232818604,2.885574341,9.426116943,9.860429742,17.0161857419181
4.16192627,0.2448425293,2.90473938,9.481185913,9.919190746,17.0280809346501
4.165924073,0.2568054199,2.93107605,9.497940063,9.943239979,17.1443925309527
4.169921875,0.2280731201,2.89515686,9.433303833,9.870216401,17.0569762370952
4.173950196,0.2089233398,2.79699707,9.330352783,9.742808868,16.6834137684321
4.177947998,0.1514587402,2.717987061,9.155578613,9.551702108,16.5322660815335
4.181945801,0.08921813965,2.75390625,8.841934204,9.261304443,17.2988790619502
4.185943604,0.0365447998,2.789810181,8.439712524,8.888932662,18.2915300170342
4.189941407,0.01499938965,2.82093811,8.243377686,8.712702937,18.8912551184651
4.193969727,0.02456665039,2.84967041,8.257751465,8.735655913,19.0389825112655
4.19796753,0.01977539062,2.87600708,8.399002075,8.877783713,18.9023077747255
4.201965332,0.03894042969,2.87361145,8.619277954,9.085764226,18.4378771218236
4.205963135,0.07963562012,2.840087891,8.897003174,9.339652378,17.7033794298764
4.209991455,0.1107635498,2.84487915,9.203460693,9.633758077,17.1757167300973
4.213989258,0.1514587402,2.887969971,9.509918213,9.939912209,16.8904557334311
4.217987061,0.2185058594,2.890365601,9.761306763,10.1825865,16.490345293066
4.221984864,0.2687835693,2.87840271,9.912139893,10.32511327,16.1872177659211
4.226013184,0.2927246094,2.87600708,9.909744263,10.3227969,16.1771045347869
4.230010987,0.2759552002,2.861633301,9.737365723,10.15290045,16.3708748828342
4.234008789,0.2352600098,2.861633301,9.493148804,9.917871073,16.7701504868129
4.238006592,0.1945495605,2.85206604,9.229797363,9.662364596,17.1678922253371
4.242034912,0.1586456299,2.842483521,8.829956055,9.277553822,17.8413797360822
4.246032715,0.1275177002,2.7993927,8.446884155,8.899590563,18.3338295025969
4.250030518,0.08442687988,2.80418396,8.252960205,8.716761309,18.7657776962387
4.254028321,0.07484436035,2.832901001,8.267318726,8.739535953,18.9139502765732
4.258056641,0.05569458008,2.861633301,8.437316895,8.909565838,18.7347015691443
4.262054444,0.0532989502,2.88079834,8.770111084,9.231288549,18.1839581401997
4.266052246,0.08921813965,2.87361145,9.172332764,9.61235096,17.3945431798295
4.270050049,0.1083679199,2.87840271,9.483581543,9.911370473,16.8827550938297
4.274047852,0.1706085205,2.87121582,9.756515503,10.17165583,16.3960993801272
4.278076172,0.2376556396,2.859237671,9.955230713,10.36042175,16.0202428956648
4.282073975,0.2903289795,2.864028931,9.991149902,10.39759727,15.9888947073438
4.286071778,0.3022918701,2.84967041,9.948059082,10.35257849,15.977622214824
4.29006958,0.2855377197,2.82333374,9.864257812,10.26432304,15.9657584416276
4.294097901,0.2615966797,2.828125,9.634414673,10.04433522,16.3535820079766
4.298095703,0.2448425293,2.828125,9.428512573,9.846577488,16.6915398698331
4.302093506,0.1921691895,2.828125,9.236984253,9.662147696,17.0197595371247
4.306091309,0.1706085205,2.789810181,9.090927124,9.510893969,17.0572956321938
4.310119629,0.1155548096,2.765869141,9.007125854,9.422934849,17.0691249015494
4.314117432,0.1299133301,2.78024292,8.949676514,9.37247768,17.2558483273104
4.318115235,0.1299133301,2.782623291,8.815597534,9.245249036,17.5163972474611
4.322113037,0.09161376953,2.7706604,8.602508545,9.038147233,17.8515489410529
4.326141358,0.1035766602,2.792205811,8.506744385,8.953872986,18.1703549173933
4.330139161,0.1083679199,2.835296631,8.530685425,8.990174882,18.3835895253961
4.334136963,0.1442718506,2.84487915,8.578567505,9.039135588,18.3444615329209
4.338134766,0.1873779297,2.87361145,8.784469604,9.244439382,18.1103159676887
4.342163086,0.2424468994,2.90234375,8.997558594,9.457189878,17.872077297045
4.346160889,0.2998962402,2.87600708,9.129241943,9.57624211,17.4772634729108
4.350158692,0.3238372803,2.828125,9.232192993,9.661084259,17.0216901059016
4.354156495,0.3046875,2.7706604,9.315979004,9.724035085,16.554609586084
4.358184815,0.3046875,2.763473511,9.550613403,9.947051659,16.1300402688309
4.362182618,0.3334197998,2.787414551,9.758911133,10.15466371,15.9319811971238
4.36618042,0.3334197998,2.7993927,9.876235962,10.27072563,15.8166803008269
4.370178223,0.3334197998,2.808959961,9.890594482,10.28714168,15.8461643228788
4.374206543,0.2998962402,2.813751221,9.835525513,10.23448561,15.9577500306778
4.378204346,0.2879333496,2.828125,9.849899292,10.25191264,16.0134593675741
4.382202149,0.2663879395,2.82572937,9.806793213,10.20925571,16.0681862685278
4.386199952,0.2615966797,2.835296631,9.751724243,10.15891065,16.2061722745994
4.390197754,0.2568054199,2.835296631,9.768493652,10.17488694,16.1800265206318
4.394226075,0.2831420898,2.81854248,9.794830322,10.19622735,16.0472471832753
4.398223877,0.2639923096,2.77305603,9.816375732,10.20395826,15.7691892951517
4.40222168,0.2113189697,2.77305603,9.691879272,10.08300646,15.9633691209141
4.406219483,0.1706085205,2.8568573,9.536254883,9.956450075,16.6745674246104
4.410247803,0.0532989502,2.86882019,8.997558594,9.443994426,17.6842941038707
4.414245606,-0.19090271,2.93347168,8.059036255,8.578447721,19.9962312736161
4.418243409,-0.3177947998,2.96697998,7.149230957,7.74696502,22.5187721461255
4.422241211,-0.2890777588,2.911911011,6.758972168,7.365222091,23.2884011688819
4.426269532,-0.210067749,2.89755249,7.063034058,7.637171531,22.2966001641489
4.430267334,-0.111907959,2.9478302,7.738204956,8.281427547,20.8520939905396
4.434265137,-0.03050231934,2.99331665,8.379852295,8.898471748,19.6568100318933
4.43826294,0.04850769043,3.014862061,8.853897095,9.353247565,18.8040847478216
4.44229126,0.1131591797,3.01008606,9.280075073,9.756701105,17.9697443314708
4.446289063,0.1897735596,2.99810791,9.744552612,10.19710599,17.0985159092282
4.450286866,0.3094787598,2.988525391,10.15396118,10.58914486,16.3930671197109
4.454284668,0.3430023193,3.02923584,10.40534973,10.84274981,16.2231408212868
4.458312989,0.2855377197,3.014862061,10.23297119,10.67167393,16.4101083846561
4.462310791,0.2256774902,3.01965332,10.00790405,10.45597341,16.7859453923521
4.466308594,0.1706085205,2.97895813,9.806793213,10.25068251,16.8945219160077
4.470306397,0.1442718506,2.935852051,9.596099854,10.0361932,17.0092720808902
4.474334717,0.1538543701,2.864028931,9.366256714,9.795565206,17.0005066404057
4.47833252,0.1179351807,2.842483521,9.222610474,9.651433325,17.1284049731618
4.482330323,0.06288146973,2.82333374,8.956848145,9.391501274,17.4952333699583
4.486328125,0.05090332031,2.82093811,8.813201904,9.253799802,17.7486017554163
4.490356446,0.06048583984,2.82333374,8.853897095,9.293350618,17.686073042711
4.494354248,0.09399414062,2.83052063,9.124450684,9.553862162,17.2336944940796
4.498352051,0.1155548096,2.828125,9.306411743,9.727329719,16.9022710572419
4.502349854,0.1347045898,2.756286621,9.198669434,9.603685783,16.6786147322149
4.506378174,0.1083679199,2.710800171,9.134033203,9.528417693,16.5287460927726
4.510375977,-0.04006958008,2.813751221,9.126846313,9.550818035,17.1340568213332
4.51437378,-0.1334533691,2.861633301,8.801239014,9.255731366,18.0094707462034
4.518371582,-0.1573944092,2.93347168,8.521102905,9.013280414,18.9935097121959
4.522399903,-0.1286621094,3.00769043,8.731796265,9.236180036,19.0044899208753
4.526397705,-0.04725646973,2.97895813,9.064590454,9.541657341,18.1921959879775
4.530395508,0.01737976074,2.89276123,9.189086914,9.633674683,17.4741806407102
4.534393311,0.02696228027,2.88319397,9.371047974,9.804594564,17.1015150415956
4.538421631,0.0365447998,2.84487915,9.325561523,9.749911314,16.9648594771407
4.542419434,0.0365447998,2.811355591,8.983184814,9.412898873,17.3777701789808
4.546417237,0.02217102051,2.785018921,8.801239014,9.231393726,17.5591351088762
4.550415039,0.02696228027,2.761077881,8.899398804,9.317916993,17.2366603507307
4.55444336,0.03175354004,2.72756958,9.069381714,9.47070899,16.7382908178318
4.558441162,0.01260375977,2.74432373,9.203460693,9.603913803,16.6037182735546
4.562438965,-0.006561279297,2.789810181,9.411758423,9.816530981,16.5107429364457
4.566436768,0.02217102051,2.77784729,9.466827393,9.865989459,16.3532071710004
4.570434571,0.04850769043,2.739532471,9.339920044,9.733524417,16.3469607590825
4.574462891,0.04371643066,2.655731201,8.968826294,9.353858264,16.49419888259
4.578460694,0.02217102051,2.610244751,8.602508545,8.989828835,16.879230524735
4.582458496,0.01737976074,2.617431641,8.628845215,9.017107085,16.8743600398637
4.586456299,0.05569458008,2.686859131,9.129241943,9.516584069,16.399579014591
4.59048462,0.09399414062,2.734741211,9.531463623,9.916473324,16.0083593801373
4.594482422,0.1155548096,2.78024292,9.746948242,10.13637527,15.9193343035599
4.598480225,0.1371002197,2.741928101,9.526672363,9.914355879,16.0550847934289
4.602478028,0.1251220703,2.634185791,9.040649414,9.417427045,16.2431335638881
4.606506348,0.09399414062,2.631790161,8.815597534,9.200538801,16.621466615528
4.610504151,0.1251220703,2.579116821,8.688705444,9.064276111,16.5311411485004
4.614501953,0.15625,2.605453491,8.968826294,9.340912538,16.1963078853856
4.618499756,0.1969451904,2.667709351,9.332748413,9.708535087,15.9488922470527
4.622528077,0.2137145996,2.629394531,9.236984253,9.606313946,15.8854655080843
4.626525879,0.1825866699,2.607849121,8.997558594,9.369646502,16.1605299244951
4.630523682,0.1083679199,2.655731201,8.911361694,9.299302074,16.5937558401644
4.634521485,0.07484436035,2.715591431,9.304016113,9.692510218,16.2706026092287
4.638549805,0.09161376953,2.75390625,10.01029968,10.38260528,15.381351629017
4.642547608,0.1418914795,2.603057861,9.665542603,10.01093189,15.071339871104
4.646545411,0.06288146973,2.617431641,8.954467773,9.329383451,16.2935009722592
4.650543213,0.1730041504,2.94543457,7.778900146,8.319663619,20.7341841995113
4.654571534,0.4315795898,3.661300659,7.070220947,7.973669651,27.3338109335738
4.658569336,0.6422729492,4.372375488,7.230636597,8.474213093,31.0618061419543
4.662567139,0.8888702393,4.920654297,7.180358887,8.749884728,34.2197124754798
4.666564942,1.118713379,5.421035767,7.242599487,9.115612746,36.4910991461171
4.670593262,1.099563599,5.167251587,6.919387817,8.705599166,36.4096870729678
4.674591065,0.9583129883,4.607009888,6.184371948,7.771059148,36.358942296209
4.678588868,0.8673248291,4.235916138,5.988052368,7.385933187,34.9954440924723
4.68258667,0.9487304688,4.211975098,6.591384888,7.879541767,32.3131065327859
4.686614991,1.137878418,4.432235718,7.343170166,8.652261487,30.8147026149332
4.690612793,1.291107178,4.642929077,8.288879395,9.58797527,28.9630186474479
4.694610596,1.585586548,4.800949097,11.04220581,12.14469045,23.2854712369504
4.698608399,1.968658447,4.575881958,15.9598999,16.71923194,15.8839454236856
4.702636719,1.461090088,3.800170898,13.35021973,13.95723647,15.7995354166211
4.706634522,1.346160889,3.718765259,12.0262146,12.65982629,17.0823190378513
4.710632325,1.298278809,3.977340698,10.62800598,11.42187717,20.3785592449785
4.714630127,1.303070068,4.264648438,10.41731262,11.33162037,22.107738094741
4.718658448,1.216888428,4.271820068,10.13479614,11.06541264,22.7090393522776
4.72265625,1.109146118,4.111419678,9.955230713,10.82776964,22.3157621179916
4.726654053,1.056472778,4.034790039,9.672714233,10.533616,22.5220781418695
4.730651856,1.020553589,3.998886108,9.560195923,10.41297104,22.5834920065209
4.734649659,0.9511260986,3.893539429,9.459640503,10.27370861,22.2705721046487
4.738677979,0.8625335693,3.836074829,9.481185913,10.26412785,21.946215912719
4.742675782,0.8218383789,3.955795288,9.643997192,10.45611862,22.229874375503
4.746673584,0.8074798584,4.132965088,9.938476562,10.79382882,22.5134775858201
4.750671387,0.7404327393,4.056350708,9.883407593,10.70906006,22.2579770658998
4.754699707,0.6853637695,3.986907959,9.746948242,10.55311132,22.1971388405546
4.75869751,0.6446685791,4.010848999,9.830734253,10.63700349,22.1520424044484
4.762695313,0.572845459,4.001281738,9.897781372,10.69132749,21.9782688082348
4.766693116,0.52734375,3.965362549,9.823562622,10.60681734,21.9532762663016
4.770721436,0.5129852295,3.989303589,9.916931152,10.70155224,21.8870480854012
4.774719239,0.4603118896,3.943817139,9.885803223,10.65338848,21.7275628389963
4.778717041,0.3956756592,3.881561279,9.691879272,10.44775579,21.809455460326
4.782714844,0.25440979,3.860015869,9.524276733,10.27989757,22.054704067597
4.786743164,-0.001770019531,3.869598389,8.375061035,9.225803063,24.7987417656602
4.790740967,-0.2364044189,3.871994019,7.149230957,8.133863043,28.4266842936795
4.79473877,-0.3321685791,3.828903198,6.160430908,7.260974083,31.8249866285749
4.798736573,-0.3752593994,3.879180908,5.772567749,6.965012746,33.8453002072588
